subtype,n,baseline_mc_mean_ftv_mae_ml,retained_mc_mean_ftv_mae_ml,mae_reduction_ml,mae_reduction_ci95_low,mae_reduction_ci95_high,retained_raw_coverage
HR+/HER2+,128,13.658659782122538,6.100710971338096,7.557948810784443,6.5349024151452655,8.531563016435936,0.90625
HR+/HER2-,312,14.791231101059788,7.277989451915632,7.513241649144157,6.809660986257217,8.229055747796567,0.875
HR-/HER2+,57,18.338697134072575,10.781211788669918,7.557485345402659,5.015365392689891,10.522278684350137,0.8421052631578947
TNBC,261,15.93897407840581,8.050776254369488,7.8881978240363235,6.82453918442468,8.992038588295499,0.8697318007662835
