tag,model_label,n_patients_t3,pred_ftv_ml_mean,obs_ftv_ml_mean,ftv_signed_err_ml_mean,ftv_abs_err_ml_mean,ftv_abs_err_ml_reduction_vs_baseline_pct,swd_mm_mean,chamfer_mm_mean,dice_mean,surface_dice_mean,alive_count_abs_err_mean
bio_ftv020_alive005,High FTV + high alive,758,23.20707418437369,24.94112632635982,-1.7340521419861312,5.881089158552467,54.33305416657277,1.293993996920248,2.842941958647618,0.1330762225540755,0.4622199336261059,1.695250659630607
bio_ftv010_alive002,Medium FTV + medium alive,758,23.44276459770656,24.94112632635982,-1.4983617286532651,5.98730795783277,53.50825997922888,1.293785347855983,2.842545766524945,0.1330782883956216,0.4626730349601212,1.695250659630607
bio_ftv010_alive000,FTV-only ablation,758,23.43549977419873,24.94112632635982,-1.5056265521610874,5.994547237526309,53.45204661726053,1.2943818561049434,2.8436229971057725,0.1334178046330023,0.4628513911860509,1.695250659630607
bio_ftv005_alive001,Low FTV + low alive,758,23.84506744319342,24.94112632635982,-1.0960588831664002,6.152058381930984,52.22896485370163,1.29366088433274,2.842293293980943,0.1330641376569836,0.4626764772186768,1.695250659630607
bio_ftv000_alive002,Alive-only biological retraining,758,24.39674777130653,24.94112632635982,-0.5443785550532921,6.387993071532666,50.39692041434843,1.293256239245081,2.840969330685092,0.1337915420373399,0.4630626687161899,1.695250659630607
v2_sched_samp_baseline,Previous successful scheduled-sampling baseline,758,12.434831133264664,24.94112632635982,-12.506295193095156,12.878218701123728,0.0,1.2910192656697286,2.837186175258111,0.1338483989534364,0.4631335477500652,58.00263852242744
