model,predicted_visit,mean,median,q25,q75
Original baseline,T1,24.705480713920817,24.246361424409244,20.235362008292,28.802755361403385
Original baseline,T2,26.79368177512216,26.400598775992286,22.21289120919836,30.650758567033566
Original baseline,T3,27.55568488245633,27.315378969011654,23.206685482833848,31.362779453659115
Retrained primary,T1,12.603874305077836,12.471224425257724,9.042206059265888,15.57948870681563
Retrained primary,T2,15.328081953951862,15.285496778671444,12.256849811462597,18.19071449932373
Retrained primary,T3,16.103833853856774,16.228244610082598,13.541289656494085,18.544022108660243
