tag,model_label,n,ftv_mae_delta_ml_mean,ftv_mae_delta_ml_ci95_low,ftv_mae_delta_ml_ci95_high,ftv_mae_improved_patient_fraction,swd_delta_mm_mean,chamfer_delta_mm_mean,dice_delta_mean
bio_ftv020_alive005,High FTV + high alive,758,6.997129542571259,6.059624999183078,7.93463408595944,0.7955145118733509,0.0029747312505191,0.0057557833895058,-0.0007721763993608
bio_ftv010_alive002,Medium FTV + medium alive,758,6.890910743290957,5.951597396296762,7.830224090285151,0.7862796833773087,0.0027660821862546,0.0053595912668336,-0.0007701105578147
bio_ftv010_alive000,FTV-only ablation,758,6.883671463597419,5.95140074033201,7.815942186862827,0.7849604221635884,0.0033625904352148,0.0064368218476605,-0.000430594320434
bio_ftv005_alive001,Low FTV + low alive,758,6.726160319192743,5.776770784246725,7.67554985413876,0.7744063324538258,0.0026416186630114,0.0051071187228314,-0.0007842612964527
bio_ftv000_alive002,Alive-only biological retraining,758,6.490225629591061,5.517220343200205,7.463230915981916,0.7401055408970977,0.0022369735753527,0.0037831554269798,-5.6856916096451694e-05
