tag,model_label,n_patients_t3,pred_ftv_ml_mean,obs_ftv_ml_mean,ftv_signed_err_ml_mean,ftv_signed_err_ml_se,swd_mm_mean,swd_mm_se,chamfer_mm_mean,chamfer_mm_se,hausdorff95_mm_mean,hausdorff95_mm_se,displacement_mae_mm_mean,displacement_mae_mm_se,dice_mean,dice_se,surface_dice_mean,surface_dice_se,ftv_abs_err_ml_mean,ftv_abs_err_ml_se,alive_count_abs_err_mean,alive_count_abs_err_se
v2_sched_samp_baseline,Previous successful scheduled-sampling baseline,758,12.434831133264664,24.94112632635982,-12.506295193095156,0.9486729226533535,1.2910192656697286,0.15889915842051322,2.837186175258111,0.14491853546209518,6.091554824366979,0.4828305367742214,3.7239157530603353,0.3388775861633044,0.1338483989534364,0.004040641134798026,0.4631335477500652,0.007187402581393771,12.878218701123727,0.9420767415766059,58.00263852242744,3.0580305530517515
