tag,n_patients_t3,pred_ftv_ml_mean,obs_ftv_ml_mean,ftv_signed_err_ml_mean,ftv_signed_err_ml_se,swd_mm_mean,swd_mm_se,chamfer_mm_mean,chamfer_mm_se,hausdorff95_mm_mean,hausdorff95_mm_se,displacement_mae_mm_mean,displacement_mae_mm_se,dice_mean,dice_se,surface_dice_mean,surface_dice_se,ftv_abs_err_ml_mean,ftv_abs_err_ml_se,alive_count_abs_err_mean,alive_count_abs_err_se,model_label
bio_ftv000_alive002,758,24.39674777130653,24.94112632635982,-0.5443785550532921,0.617709135665415,1.293256239245081,0.1589396105984701,2.840969330685092,0.1448985752644667,6.097151102789028,0.482916982489729,3.729223889819328,0.3389143855787263,0.1337915420373399,0.0040222327118482,0.4630626687161899,0.0071923197881299,6.387993071532666,0.5727569849191008,1.695250659630607,0.7443680470527015,Alive-only biological retraining
bio_ftv005_alive001,758,23.84506744319342,24.94112632635982,-1.0960588831664002,0.6182559786483617,1.29366088433274,0.1589483519325424,2.842293293980943,0.1448902017226215,6.098870995212296,0.4830262346295685,3.7307943355370186,0.3389158993678065,0.1330641376569836,0.0039997756288542,0.4626764772186768,0.0071781779535684,6.152058381930984,0.5777805062863038,1.695250659630607,0.7443680470527015,Low FTV + low alive
bio_ftv010_alive002,758,23.44276459770656,24.94112632635982,-1.4983617286532651,0.6143809705180867,1.293785347855983,0.1589461022250131,2.842545766524945,0.1448838277185885,6.099298417866195,0.4830067306706851,3.731113571301549,0.3389126315786064,0.1330782883956216,0.0039924386792052,0.4626730349601212,0.0071794227313027,5.98730795783277,0.5771261441816479,1.695250659630607,0.7443680470527015,Medium FTV + medium alive
bio_ftv020_alive005,758,23.20707418437369,24.94112632635982,-1.7340521419861312,0.6094477007849195,1.293993996920248,0.1589447602796417,2.842941958647618,0.1448758516467135,6.100102129340731,0.4829882423864073,3.731639525671543,0.3389083311166135,0.1330762225540755,0.0039925280230204,0.4622199336261059,0.0071822962350053,5.881089158552467,0.574202781594919,1.695250659630607,0.7443680470527015,High FTV + high alive
bio_ftv010_alive000,758,23.43549977419873,24.94112632635982,-1.5056265521610874,0.6189825030813462,1.2943818561049434,0.1589479243462828,2.8436229971057725,0.1448839865424926,6.101523539446096,0.4830244866650537,3.732547030727788,0.3389083287347132,0.1334178046330023,0.004014179177048,0.4628513911860509,0.0071783383844084,5.994547237526309,0.5819486175393027,1.695250659630607,0.7443680470527015,FTV-only ablation
