tag,model_label,n,ftv_mae_delta_ml_mean,ftv_mae_delta_ml_se,ftv_mae_delta_ml_ci95_low,ftv_mae_delta_ml_ci95_high,ftv_mae_improved_patient_fraction,ftv_abs_bias_delta_ml_mean,swd_delta_mm_mean,chamfer_delta_mm_mean,dice_delta_mean,surface_dice_delta_mean
bio_ftv000_alive002,Alive-only biological retraining,758,6.490225629591061,0.4964312685667629,5.517220343200205,7.463230915981916,0.7401055408970977,6.490225629591061,0.0022369735753527244,0.0037831554269798216,-5.6856916096451694e-05,-7.087903387534984e-05
bio_ftv005_alive001,Low FTV + low alive,758,6.726160319192743,0.4843824157887844,5.776770784246725,7.67554985413876,0.7744063324538258,6.726160319192743,0.0026416186630114197,0.005107118722831479,-0.0007842612964527807,-0.0004570705313884982
bio_ftv010_alive002,Medium FTV + medium alive,758,6.890910743290957,0.4792415035684664,5.951597396296762,7.830224090285151,0.7862796833773087,6.890910743290957,0.0027660821862546966,0.005359591266833647,-0.0007701105578147561,-0.00046051278994399894
bio_ftv020_alive005,High FTV + high alive,758,6.997129542571259,0.4783186445858066,6.059624999183078,7.93463408595944,0.7955145118733509,6.997129542571259,0.00297473125051917,0.005755783389505896,-0.0007721763993608945,-0.000913614123959246
bio_ftv010_alive000,FTV-only ablation,758,6.883671463597419,0.47564832819663677,5.95140074033201,7.815942186862827,0.7849604221635884,6.883671463597419,0.0033625904352148593,0.006436821847660582,-0.00043059432043402634,-0.00028215656401429803
