{
  "metadata": {
    "model_family": "consistent_graph_scheduled_sampling_rollout",
    "runs_dir": "runs/consistent_forecaster_v2_bio/bio_ftv010_alive002",
    "checkpoint_name": "best.pt",
    "graphs_root": "datasets/ispy2/graphs_consistent",
    "n_patients": 758,
    "n_rollout_records": 4548,
    "n_mc": 256,
    "metric_draws": 0,
    "start_visits": [
      "T0",
      "T1",
      "T2"
    ],
    "eps_pcr": 0.1,
    "interval": 0.9,
    "seed": 42,
    "device": "cuda",
    "leakage_policy": "each patient scored with its held-out fold checkpoint; calibration residuals exclude target patient"
  },
  "residual_buckets": [
    {
      "start_visit": "T0",
      "predicted_visit": "T1",
      "n_records": 758,
      "n_unique_patients": 758,
      "n_local_disp_residuals": 121189,
      "n_log_volume_residuals": 121189,
      "ftv_resid_mean_ml": 1.2289193623422419,
      "ftv_resid_std_ml": 13.718334702134324,
      "alive_count_resid_mean": -0.4018846944485617,
      "alive_count_resid_std": 12.85900653243101,
      "raw_coverage90_ftv": 0.8759894459102903,
      "conformal_coverage90_ftv": 0.9010554089709762,
      "mean_conformal_q_ml": 0.9531098078510709,
      "mean_crps_ftv": 3.9651019240999186
    },
    {
      "start_visit": "T0",
      "predicted_visit": "T2",
      "n_records": 758,
      "n_unique_patients": 758,
      "n_local_disp_residuals": 120227,
      "n_log_volume_residuals": 120227,
      "ftv_resid_mean_ml": 1.9934344492383718,
      "ftv_resid_std_ml": 16.185237402191106,
      "alive_count_resid_mean": -1.5972435117396957,
      "alive_count_resid_std": 21.684610194752167,
      "raw_coverage90_ftv": 0.8693931398416886,
      "conformal_coverage90_ftv": 0.9010554089709762,
      "mean_conformal_q_ml": 2.1305458111737887,
      "mean_crps_ftv": 4.890512584245058
    },
    {
      "start_visit": "T0",
      "predicted_visit": "T3",
      "n_records": 758,
      "n_unique_patients": 758,
      "n_local_disp_residuals": 120303,
      "n_log_volume_residuals": 120303,
      "ftv_resid_mean_ml": 1.4983617703004475,
      "ftv_resid_std_ml": 16.903852911486887,
      "alive_count_resid_mean": -1.5073520313152222,
      "alive_count_resid_std": 20.46764431795817,
      "raw_coverage90_ftv": 0.8825857519788918,
      "conformal_coverage90_ftv": 0.9010554089709762,
      "mean_conformal_q_ml": 2.164154608796274,
      "mean_crps_ftv": 5.186175190825248
    },
    {
      "start_visit": "T1",
      "predicted_visit": "T2",
      "n_records": 758,
      "n_unique_patients": 758,
      "n_local_disp_residuals": 120227,
      "n_log_volume_residuals": 120227,
      "ftv_resid_mean_ml": 1.742656075018306,
      "ftv_resid_std_ml": 11.66882866166611,
      "alive_count_resid_mean": -1.6919060949442568,
      "alive_count_resid_std": 21.73651375807465,
      "raw_coverage90_ftv": 0.8562005277044855,
      "conformal_coverage90_ftv": 0.9010554089709762,
      "mean_conformal_q_ml": 2.5795019252591986,
      "mean_crps_ftv": 4.346216495999376
    },
    {
      "start_visit": "T1",
      "predicted_visit": "T3",
      "n_records": 758,
      "n_unique_patients": 758,
      "n_local_disp_residuals": 120303,
      "n_log_volume_residuals": 120303,
      "ftv_resid_mean_ml": 1.8116186131094274,
      "ftv_resid_std_ml": 14.39240536277009,
      "alive_count_resid_mean": -1.5363572955446068,
      "alive_count_resid_std": 20.483399599243043,
      "raw_coverage90_ftv": 0.8654353562005277,
      "conformal_coverage90_ftv": 0.9010554089709762,
      "mean_conformal_q_ml": 3.0784802351987106,
      "mean_crps_ftv": 4.8983149343260814
    },
    {
      "start_visit": "T2",
      "predicted_visit": "T3",
      "n_records": 758,
      "n_unique_patients": 758,
      "n_local_disp_residuals": 120303,
      "n_log_volume_residuals": 120303,
      "ftv_resid_mean_ml": 1.4143910180247625,
      "ftv_resid_std_ml": 11.001657997787834,
      "alive_count_resid_mean": -1.6077758527525496,
      "alive_count_resid_std": 20.484271628546274,
      "raw_coverage90_ftv": 0.8720316622691293,
      "conformal_coverage90_ftv": 0.9010554089709762,
      "mean_conformal_q_ml": 1.9279635775160406,
      "mean_crps_ftv": 4.0290083871086235
    }
  ]
}