{
  "metadata": {
    "model_family": "consistent_graph_scheduled_sampling_rollout",
    "runs_dir": "runs/consistent_forecaster_v2_bio/bio_ftv010_alive002",
    "checkpoint_name": "best.pt",
    "graphs_root": "datasets/ispy2/graphs_consistent",
    "n_patients": 758,
    "n_rollout_records": 4548,
    "n_mc": 256,
    "metric_draws": 0,
    "start_visits": [
      "T0",
      "T1",
      "T2"
    ],
    "eps_pcr": 0.1,
    "interval": 0.9,
    "seed": 42,
    "device": "cuda",
    "leakage_policy": "each patient scored with its held-out fold checkpoint; calibration residuals exclude target patient"
  },
  "n_rows": 4548,
  "n_patients": 758,
  "by_conditioning_visit": [
    {
      "start_visit": "T0",
      "predicted_visit": "T1",
      "n_patients": 758,
      "mean_rollout_depth": 1.0,
      "ftv_mc_mean_ml_mean": 25.74121294483989,
      "ftv_mc_mean_ml_se": 1.210241017559773,
      "ftv_mc_std_ml_mean": 12.770549385919045,
      "ftv_mc_std_ml_se": 0.15691678368875245,
      "ftv_raw_width90_ml_mean": 18.4152183573541,
      "ftv_raw_width90_ml_se": 0.14643739996769164,
      "ftv_conformal_width90_ml_mean": 20.32143797305624,
      "ftv_conformal_width90_ml_se": 0.14639532277540687,
      "coverage90_ftv_raw_mean": 0.8759894459102903,
      "coverage90_ftv_raw_se": 0.011979282896350536,
      "coverage90_ftv_conformal_mean": 0.9010554089709762,
      "coverage90_ftv_conformal_se": 0.010852351158798469,
      "crps_ftv_mean": 3.9651019240999186,
      "crps_ftv_se": 0.4344666396183085,
      "pcr_prob_mc_mean": 0.04993609828496042,
      "pcr_prob_mc_se": 0.0025160927788072966,
      "swd_mm_mc_mean_mean": 1.167879514765399,
      "swd_mm_mc_mean_se": 0.016576133739479488,
      "chamfer_mm_mc_mean_mean": 3.445061395181068,
      "chamfer_mm_mc_mean_se": 0.024661287941019475,
      "dice_mc_mean_mean": 0.05105328086027784,
      "dice_mc_mean_se": 0.0007707456034313232,
      "ftv_abs_err_ml_mc_mean_mean": 7.720357072652025,
      "ftv_abs_err_ml_mc_mean_se": 0.4383936902513781,
      "alive_count_abs_err_mc_mean_mean": 0.7842183377308707,
      "alive_count_abs_err_mc_mean_se": 0.4671219881506097
    },
    {
      "start_visit": "T0",
      "predicted_visit": "T2",
      "n_patients": 758,
      "mean_rollout_depth": 2.0,
      "ftv_mc_mean_ml_mean": 26.92424158186151,
      "ftv_mc_mean_ml_se": 1.0907973891144607,
      "ftv_mc_std_ml_mean": 15.287959528738547,
      "ftv_mc_std_ml_se": 0.14950315808767356,
      "ftv_raw_width90_ml_mean": 22.684950682113953,
      "ftv_raw_width90_ml_se": 0.1989497631903145,
      "ftv_conformal_width90_ml_mean": 26.946042304461532,
      "ftv_conformal_width90_ml_se": 0.19900080937684012,
      "coverage90_ftv_raw_mean": 0.8693931398416886,
      "coverage90_ftv_raw_se": 0.012247379049296419,
      "coverage90_ftv_conformal_mean": 0.9010554089709762,
      "coverage90_ftv_conformal_se": 0.010852351158798469,
      "crps_ftv_mean": 4.890512584245058,
      "crps_ftv_se": 0.49921483926064847,
      "pcr_prob_mc_mean": 0.05164186180738786,
      "pcr_prob_mc_se": 0.00248117236871274,
      "swd_mm_mc_mean_mean": 1.2106395830386885,
      "swd_mm_mc_mean_se": 0.02946681974519349,
      "chamfer_mm_mc_mean_mean": 3.5148072087955655,
      "chamfer_mm_mc_mean_se": 0.030479454233748364,
      "dice_mc_mean_mean": 0.04902367196621752,
      "dice_mc_mean_se": 0.0007587383501588928,
      "ftv_abs_err_ml_mc_mean_mean": 9.498088746112233,
      "ftv_abs_err_ml_mc_mean_se": 0.5047888968054673,
      "alive_count_abs_err_mc_mean_mean": 2.8435644788918206,
      "alive_count_abs_err_mc_mean_se": 0.7848861283375616
    },
    {
      "start_visit": "T0",
      "predicted_visit": "T3",
      "n_patients": 758,
      "mean_rollout_depth": 3.0,
      "ftv_mc_mean_ml_mean": 26.7001496444855,
      "ftv_mc_mean_ml_se": 1.020839590793812,
      "ftv_mc_std_ml_mean": 16.295843199874028,
      "ftv_mc_std_ml_se": 0.14229318930983242,
      "ftv_raw_width90_ml_mean": 24.809935512550197,
      "ftv_raw_width90_ml_se": 0.3038675602621206,
      "ftv_conformal_width90_ml_mean": 29.138244730142745,
      "ftv_conformal_width90_ml_se": 0.3035841548198696,
      "coverage90_ftv_raw_mean": 0.8825857519788918,
      "coverage90_ftv_raw_se": 0.011700136185838506,
      "coverage90_ftv_conformal_mean": 0.9010554089709762,
      "coverage90_ftv_conformal_se": 0.010852351158798469,
      "crps_ftv_mean": 5.186175190825248,
      "crps_ftv_se": 0.5190815370726531,
      "pcr_prob_mc_mean": 0.06218564478891821,
      "pcr_prob_mc_se": 0.002991911884204865,
      "swd_mm_mc_mean_mean": 1.2053860771385356,
      "swd_mm_mc_mean_se": 0.025881241231206505,
      "chamfer_mm_mc_mean_mean": 3.4851331822597547,
      "chamfer_mm_mc_mean_se": 0.029544269911137917,
      "dice_mc_mean_mean": 0.05142947251765349,
      "dice_mc_mean_se": 0.0007565686882214882,
      "ftv_abs_err_ml_mc_mean_mean": 10.117468693811897,
      "ftv_abs_err_ml_mc_mean_se": 0.5268431713134862,
      "alive_count_abs_err_mc_mean_mean": 2.703557882585752,
      "alive_count_abs_err_mc_mean_se": 0.7393568088159058
    },
    {
      "start_visit": "T1",
      "predicted_visit": "T2",
      "n_patients": 758,
      "mean_rollout_depth": 1.0,
      "ftv_mc_mean_ml_mean": 27.256719272565984,
      "ftv_mc_mean_ml_se": 1.2667437751373198,
      "ftv_mc_std_ml_mean": 10.682771527696515,
      "ftv_mc_std_ml_se": 0.08264671403782045,
      "ftv_raw_width90_ml_mean": 22.29490987995044,
      "ftv_raw_width90_ml_se": 0.15419930842962196,
      "ftv_conformal_width90_ml_mean": 27.453913730468837,
      "ftv_conformal_width90_ml_se": 0.1543469576817129,
      "coverage90_ftv_raw_mean": 0.8562005277044855,
      "coverage90_ftv_raw_se": 0.012753178900885852,
      "coverage90_ftv_conformal_mean": 0.9010554089709762,
      "coverage90_ftv_conformal_se": 0.010852351158798469,
      "crps_ftv_mean": 4.346216495999376,
      "crps_ftv_se": 0.33250962415403074,
      "pcr_prob_mc_mean": 0.045658806068601586,
      "pcr_prob_mc_se": 0.0019066828646553124,
      "swd_mm_mc_mean_mean": 1.6368715516775254,
      "swd_mm_mc_mean_se": 0.09425823677685044,
      "chamfer_mm_mc_mean_mean": 4.1600568221238365,
      "chamfer_mm_mc_mean_se": 0.07639775379951214,
      "dice_mc_mean_mean": 0.03993329514480229,
      "dice_mc_mean_se": 0.0006944568580329366,
      "ftv_abs_err_ml_mc_mean_mean": 8.2858315972269,
      "ftv_abs_err_ml_mc_mean_se": 0.34002626570729466,
      "alive_count_abs_err_mc_mean_mean": 2.7676399653693933,
      "alive_count_abs_err_mc_mean_se": 0.783867275123336
    },
    {
      "start_visit": "T1",
      "predicted_visit": "T3",
      "n_patients": 758,
      "mean_rollout_depth": 2.0,
      "ftv_mc_mean_ml_mean": 27.188736667346152,
      "ftv_mc_mean_ml_se": 1.1212550100049197,
      "ftv_mc_std_ml_mean": 13.634962954383667,
      "ftv_mc_std_ml_se": 0.11090084492895844,
      "ftv_raw_width90_ml_mean": 24.290567722382153,
      "ftv_raw_width90_ml_se": 0.21460883441806056,
      "ftv_conformal_width90_ml_mean": 30.447528192779576,
      "ftv_conformal_width90_ml_se": 0.2149657798694012,
      "coverage90_ftv_raw_mean": 0.8654353562005277,
      "coverage90_ftv_raw_se": 0.012403231800617903,
      "coverage90_ftv_conformal_mean": 0.9010554089709762,
      "coverage90_ftv_conformal_se": 0.010852351158798469,
      "crps_ftv_mean": 4.8983149343260814,
      "crps_ftv_se": 0.41965220541971066,
      "pcr_prob_mc_mean": 0.05208505112137203,
      "pcr_prob_mc_se": 0.0024859069026186295,
      "swd_mm_mc_mean_mean": 1.7143360812701338,
      "swd_mm_mc_mean_se": 0.09546332834408656,
      "chamfer_mm_mc_mean_mean": 4.256575205543162,
      "chamfer_mm_mc_mean_se": 0.07751840207036455,
      "dice_mc_mean_mean": 0.0374689432771958,
      "dice_mc_mean_se": 0.0006259288304003028,
      "ftv_abs_err_ml_mc_mean_mean": 9.437032609181257,
      "ftv_abs_err_ml_mc_mean_se": 0.4267294427685116,
      "alive_count_abs_err_mc_mean_mean": 2.703954691622691,