{
  "metadata": {
    "model_family": "consistent_graph_scheduled_sampling_rollout",
    "runs_dir": "runs/edge_meaning_breast/spatial_k4",
    "checkpoint_name": "best.pt",
    "graphs_root": "datasets/ispy2/graphs_consistent",
    "n_patients": 758,
    "n_rollout_records": 4548,
    "n_mc": 128,
    "metric_draws": 32,
    "start_visits": [
      "T0",
      "T1",
      "T2"
    ],
    "residual_stratify_by": "none",
    "eps_pcr": 0.1,
    "interval": 0.9,
    "seed": 20260513,
    "device": "cuda",
    "leakage_policy": "each patient scored with its held-out fold checkpoint; calibration residuals exclude target patient"
  },
  "n_rows": 4548,
  "n_patients": 758,
  "by_conditioning_visit": [
    {
      "start_visit": "T0",
      "predicted_visit": "T1",
      "n_patients": 758,
      "mean_rollout_depth": 1.0,
      "ftv_mc_mean_ml_mean": 25.58647562276525,
      "ftv_mc_mean_ml_se": 1.2028168623063413,
      "ftv_mc_std_ml_mean": 11.801545830390012,
      "ftv_mc_std_ml_se": 0.20403026021340206,
      "ftv_raw_width90_ml_mean": 18.245440105104084,
      "ftv_raw_width90_ml_se": 0.183633221761584,
      "ftv_conformal_width90_ml_mean": 19.705818450725317,
      "ftv_conformal_width90_ml_se": 0.18353630671028165,
      "coverage90_ftv_raw_mean": 0.8878627968337731,
      "coverage90_ftv_raw_se": 0.011468321242301445,
      "coverage90_ftv_conformal_mean": 0.9010554089709762,
      "coverage90_ftv_conformal_se": 0.010852351158798469,
      "crps_ftv_mean": 3.9565555428189634,
      "crps_ftv_se": 0.4353419754954703,
      "pcr_prob_mc_mean": 0.0524303265171504,
      "pcr_prob_mc_se": 0.0025796150968232048,
      "swd_mm_mc_mean_mean": 1.1746295374433475,
      "swd_mm_mc_mean_se": 0.016665485850851463,
      "chamfer_mm_mc_mean_mean": 3.4520890930647363,
      "chamfer_mm_mc_mean_se": 0.024636098828622787,
      "dice_mc_mean_mean": 0.05083535924794065,
      "dice_mc_mean_se": 0.0007860289361866118,
      "ftv_abs_err_ml_mc_mean_mean": 7.755943778987693,
      "ftv_abs_err_ml_mc_mean_se": 0.4450527857054886,
      "alive_count_abs_err_mc_mean_mean": 0.7286032321899736,
      "alive_count_abs_err_mc_mean_se": 0.46862914226087343
    },
    {
      "start_visit": "T0",
      "predicted_visit": "T2",
      "n_patients": 758,
      "mean_rollout_depth": 2.0,
      "ftv_mc_mean_ml_mean": 27.092859498380474,
      "ftv_mc_mean_ml_se": 1.1010546696407337,
      "ftv_mc_std_ml_mean": 14.621861096589639,
      "ftv_mc_std_ml_se": 0.2072245229964984,
      "ftv_raw_width90_ml_mean": 22.735468299350714,
      "ftv_raw_width90_ml_se": 0.29216426716081717,
      "ftv_conformal_width90_ml_mean": 26.87088166562614,
      "ftv_conformal_width90_ml_se": 0.2921543920259807,
      "coverage90_ftv_raw_mean": 0.8535620052770448,
      "coverage90_ftv_raw_se": 0.012849803437449014,
      "coverage90_ftv_conformal_mean": 0.9010554089709762,
      "coverage90_ftv_conformal_se": 0.010852351158798469,
      "crps_ftv_mean": 4.81756830250567,
      "crps_ftv_se": 0.48184922059067997,
      "pcr_prob_mc_mean": 0.04788505936675462,
      "pcr_prob_mc_se": 0.0022766370247195617,
      "swd_mm_mc_mean_mean": 1.2112983160693622,
      "swd_mm_mc_mean_se": 0.02893108737244672,
      "chamfer_mm_mc_mean_mean": 3.51659117041109,
      "chamfer_mm_mc_mean_se": 0.030413438503295618,
      "dice_mc_mean_mean": 0.04875826322316756,
      "dice_mc_mean_se": 0.0007711217948764376,
      "ftv_abs_err_ml_mc_mean_mean": 9.277502856149516,
      "ftv_abs_err_ml_mc_mean_se": 0.49608444015915526,
      "alive_count_abs_err_mc_mean_mean": 2.6568271767810026,
      "alive_count_abs_err_mc_mean_se": 0.7817558889312213
    },
    {
      "start_visit": "T0",
      "predicted_visit": "T3",
      "n_patients": 758,
      "mean_rollout_depth": 3.0,
      "ftv_mc_mean_ml_mean": 27.028458414917953,
      "ftv_mc_mean_ml_se": 1.0425359068216262,
      "ftv_mc_std_ml_mean": 15.21025251550262,
      "ftv_mc_std_ml_se": 0.19746416868456818,
      "ftv_raw_width90_ml_mean": 24.543300588474484,
      "ftv_raw_width90_ml_se": 0.4095900434653348,
      "ftv_conformal_width90_ml_mean": 30.22086855121253,
      "ftv_conformal_width90_ml_se": 0.4095825756929395,
      "coverage90_ftv_raw_mean": 0.8641160949868074,
      "coverage90_ftv_raw_se": 0.012454380128074684,
      "coverage90_ftv_conformal_mean": 0.9010554089709762,
      "coverage90_ftv_conformal_se": 0.010852351158798469,
      "crps_ftv_mean": 5.038074576398384,
      "crps_ftv_se": 0.4939424420721454,
      "pcr_prob_mc_mean": 0.05233756596306069,
      "pcr_prob_mc_se": 0.0025647628402933336,
      "swd_mm_mc_mean_mean": 1.2088322335603348,
      "swd_mm_mc_mean_se": 0.026225633574475538,
      "chamfer_mm_mc_mean_mean": 3.486281572452957,
      "chamfer_mm_mc_mean_se": 0.029644989938826097,
      "dice_mc_mean_mean": 0.05142078952421227,
      "dice_mc_mean_se": 0.0007788770154617358,
      "ftv_abs_err_ml_mc_mean_mean": 9.805792623901958,
      "ftv_abs_err_ml_mc_mean_se": 0.5116745781731581,
      "alive_count_abs_err_mc_mean_mean": 2.6184036939313984,
      "alive_count_abs_err_mc_mean_se": 0.7443175403191217
    },
    {
      "start_visit": "T1",
      "predicted_visit": "T2",
      "n_patients": 758,
      "mean_rollout_depth": 1.0,
      "ftv_mc_mean_ml_mean": 27.289466412386258,
      "ftv_mc_mean_ml_se": 1.2650154770251272,
      "ftv_mc_std_ml_mean": 10.480871346818954,
      "ftv_mc_std_ml_se": 0.11076520444146513,
      "ftv_raw_width90_ml_mean": 22.13128331041882,
      "ftv_raw_width90_ml_se": 0.21924109688701193,
      "ftv_conformal_width90_ml_mean": 27.382585686205513,
      "ftv_conformal_width90_ml_se": 0.2192860616141832,
      "coverage90_ftv_raw_mean": 0.8535620052770448,
      "coverage90_ftv_raw_se": 0.012849803437449013,
      "coverage90_ftv_conformal_mean": 0.9010554089709762,
      "coverage90_ftv_conformal_se": 0.010852351158798469,
      "crps_ftv_mean": 4.322616332763337,
      "crps_ftv_se": 0.3303849904802018,
      "pcr_prob_mc_mean": 0.044401385224274406,
      "pcr_prob_mc_se": 0.0018971298773172332,
      "swd_mm_mc_mean_mean": 1.6509048200929837,
      "swd_mm_mc_mean_se": 0.09612023092260957,
      "chamfer_mm_mc_mean_mean": 4.185755205113502,
      "chamfer_mm_mc_mean_se": 0.08132466025538056,
      "dice_mc_mean_mean": 0.0401326949581866,
      "dice_mc_mean_se": 0.0007085683440654977,
      "ftv_abs_err_ml_mc_mean_mean": 8.13705354235772,
      "ftv_abs_err_ml_mc_mean_se": 0.3434503786683177,
      "alive_count_abs_err_mc_mean_mean": 2.724027044854881,
      "alive_count_abs_err_mc_mean_se": 0.7905068990831391
    },
    {
      "start_visit": "T1",
      "predicted_visit": "T3",
      "n_patients": 758,
      "mean_rollout_depth": 2.0,
      "ftv_mc_mean_ml_mean": 27.4185846997261,
      "ftv_mc_mean_ml_se": 1.134821485171245,
      "ftv_mc_std_ml_mean": 12.877171369011453,
      "ftv_mc_std_ml_se": 0.1548623561004078,
      "ftv_raw_width90_ml_mean": 23.768947450251197,
      "ftv_raw_width90_ml_se": 0.2821780016873026,
      "ftv_conformal_width90_ml_mean": 29.136225074303674,
      "ftv_conformal_width90_ml_se": 0.2821495948545292,
      "coverage90_ftv_raw_mean": 0.8469656992084432,
      "coverage90_ftv_raw_se": 0.01308516981871734,
      "coverage90_ftv_conformal_mean": 0.9010554089709762,
      "coverage90_ftv_conformal_se": 0.010852351158798469,
      "crps_ftv_mean": 4.777853008281911,
      "crps_ftv_se": 0.40456299047131467,
      "pcr_prob_mc_mean": 0.04425709102902375,
      "pcr_prob_mc_se": 0.002189164707051747,
      "swd_mm_mc_mean_mean": 1.7196712036870039,
      "swd_mm_mc_mean_se": 0.0961184998258081,
      "chamfer_mm_mc_mean_mean": 4.273283775727169,
      "chamfer_mm_mc_mean_se": 0.08098547721456414,
      "dice_mc_mean_mean": 0.0371450011289201,
      "dice_mc_mean_se": 0.0006328604005169712,
      "ftv_abs_err_ml_mc_mean_mean": 9.233953782067807,
      "ftv_abs_err_ml_mc_mean_se": 0.4162913224371545,
      "alive_count_abs_err_mc_mean_mean": 2.5921833773087073,