{
  "metadata": {
    "model_family": "consistent_graph_scheduled_sampling_rollout",
    "runs_dir": "runs/edge_attr_meaning_breast/radial_bio_k16",
    "checkpoint_name": "best.pt",
    "graphs_root": "datasets/ispy2/graphs_consistent",
    "n_patients": 758,
    "n_rollout_records": 4548,
    "n_mc": 128,
    "metric_draws": 32,
    "start_visits": [
      "T0",
      "T1",
      "T2"
    ],
    "residual_stratify_by": "none",
    "eps_pcr": 0.1,
    "interval": 0.9,
    "seed": 20260513,
    "device": "cuda",
    "leakage_policy": "each patient scored with its held-out fold checkpoint; calibration residuals exclude target patient"
  },
  "n_rows": 4548,
  "n_patients": 758,
  "by_conditioning_visit": [
    {
      "start_visit": "T0",
      "predicted_visit": "T1",
      "n_patients": 758,
      "mean_rollout_depth": 1.0,
      "ftv_mc_mean_ml_mean": 24.96534492708921,
      "ftv_mc_mean_ml_se": 1.303899973698256,
      "ftv_mc_std_ml_mean": 9.770374827991354,
      "ftv_mc_std_ml_se": 0.14339926832923364,
      "ftv_raw_width90_ml_mean": 17.38397095048298,
      "ftv_raw_width90_ml_se": 0.1577508328143914,
      "ftv_conformal_width90_ml_mean": 19.86656534226249,
      "ftv_conformal_width90_ml_se": 0.1573961561243697,
      "coverage90_ftv_raw_mean": 0.8905013192612137,
      "coverage90_ftv_raw_se": 0.01134942311718101,
      "coverage90_ftv_conformal_mean": 0.9010554089709762,
      "coverage90_ftv_conformal_se": 0.010852351158798469,
      "crps_ftv_mean": 3.704494462616421,
      "crps_ftv_se": 0.3465003851939995,
      "pcr_prob_mc_mean": 0.06825115435356201,
      "pcr_prob_mc_se": 0.003022362140832718,
      "swd_mm_mc_mean_mean": 1.116268264021251,
      "swd_mm_mc_mean_se": 0.016542560254198556,
      "chamfer_mm_mc_mean_mean": 3.3935918716846625,
      "chamfer_mm_mc_mean_se": 0.02488044528294323,
      "dice_mc_mean_mean": 0.05317368594393145,
      "dice_mc_mean_se": 0.0008217891471322138,
      "ftv_abs_err_ml_mc_mean_mean": 7.0343935048018675,
      "ftv_abs_err_ml_mc_mean_se": 0.35651524749688107,
      "alive_count_abs_err_mc_mean_mean": 0.7199043535620053,
      "alive_count_abs_err_mc_mean_se": 0.46823082879718114
    },
    {
      "start_visit": "T0",
      "predicted_visit": "T2",
      "n_patients": 758,
      "mean_rollout_depth": 2.0,
      "ftv_mc_mean_ml_mean": 25.871845107794385,
      "ftv_mc_mean_ml_se": 1.2260028655889643,
      "ftv_mc_std_ml_mean": 10.828896324483658,
      "ftv_mc_std_ml_se": 0.13125508171247444,
      "ftv_raw_width90_ml_mean": 20.53897037442335,
      "ftv_raw_width90_ml_se": 0.23020854682256514,
      "ftv_conformal_width90_ml_mean": 22.441802539904046,
      "ftv_conformal_width90_ml_se": 0.23018538150531798,
      "coverage90_ftv_raw_mean": 0.8918205804749341,
      "coverage90_ftv_raw_se": 0.01128919900419228,
      "coverage90_ftv_conformal_mean": 0.9010554089709762,
      "coverage90_ftv_conformal_se": 0.010852351158798469,
      "crps_ftv_mean": 4.202681821294769,
      "crps_ftv_se": 0.3708485740259066,
      "pcr_prob_mc_mean": 0.0686737302110818,
      "pcr_prob_mc_se": 0.0029484739925684155,
      "swd_mm_mc_mean_mean": 1.198245814570491,
      "swd_mm_mc_mean_se": 0.029319952790167293,
      "chamfer_mm_mc_mean_mean": 3.506877804704131,
      "chamfer_mm_mc_mean_se": 0.030446445777905513,
      "dice_mc_mean_mean": 0.049200019045227396,
      "dice_mc_mean_se": 0.0007702091664665126,
      "ftv_abs_err_ml_mc_mean_mean": 8.044907870046542,
      "ftv_abs_err_ml_mc_mean_se": 0.3847906005796669,
      "alive_count_abs_err_mc_mean_mean": 2.872979881266491,
      "alive_count_abs_err_mc_mean_se": 0.7906890818553628
    },
    {
      "start_visit": "T0",
      "predicted_visit": "T3",
      "n_patients": 758,
      "mean_rollout_depth": 3.0,
      "ftv_mc_mean_ml_mean": 26.015315977602885,
      "ftv_mc_mean_ml_se": 1.1666928036552269,
      "ftv_mc_std_ml_mean": 10.721961302199631,
      "ftv_mc_std_ml_se": 0.14072773978296857,
      "ftv_raw_width90_ml_mean": 20.626376410213652,
      "ftv_raw_width90_ml_se": 0.25144417467926583,
      "ftv_conformal_width90_ml_mean": 24.010117396447498,
      "ftv_conformal_width90_ml_se": 0.2514135965518587,
      "coverage90_ftv_raw_mean": 0.8773087071240105,
      "coverage90_ftv_raw_se": 0.011924361990825888,
      "coverage90_ftv_conformal_mean": 0.9010554089709762,
      "coverage90_ftv_conformal_se": 0.010852351158798469,
      "crps_ftv_mean": 4.133961453867589,
      "crps_ftv_se": 0.3677194847293933,
      "pcr_prob_mc_mean": 0.06165484828496042,
      "pcr_prob_mc_se": 0.0029195340126743395,
      "swd_mm_mc_mean_mean": 1.1799702341224017,
      "swd_mm_mc_mean_se": 0.025033812603401446,
      "chamfer_mm_mc_mean_mean": 3.463542769097329,
      "chamfer_mm_mc_mean_se": 0.029015942252977385,
      "dice_mc_mean_mean": 0.051826576423685974,
      "dice_mc_mean_se": 0.0007773972157039668,
      "ftv_abs_err_ml_mc_mean_mean": 7.868877523481452,
      "ftv_abs_err_ml_mc_mean_se": 0.3809193814900744,
      "alive_count_abs_err_mc_mean_mean": 2.5828248680738786,
      "alive_count_abs_err_mc_mean_se": 0.7453019558810394
    },
    {
      "start_visit": "T1",
      "predicted_visit": "T2",
      "n_patients": 758,
      "mean_rollout_depth": 1.0,
      "ftv_mc_mean_ml_mean": 26.309845890783453,
      "ftv_mc_mean_ml_se": 1.3744062304031188,
      "ftv_mc_std_ml_mean": 8.199227093105563,
      "ftv_mc_std_ml_se": 0.08672924503578049,
      "ftv_raw_width90_ml_mean": 19.558736983626595,
      "ftv_raw_width90_ml_se": 0.19533893883734407,
      "ftv_conformal_width90_ml_mean": 22.316456716153166,
      "ftv_conformal_width90_ml_se": 0.19525592797448413,
      "coverage90_ftv_raw_mean": 0.8707124010554089,
      "coverage90_ftv_raw_se": 0.012194608446770961,
      "coverage90_ftv_conformal_mean": 0.9010554089709762,
      "coverage90_ftv_conformal_se": 0.010852351158798469,
      "crps_ftv_mean": 3.837724988894947,
      "crps_ftv_se": 0.28300624586249346,
      "pcr_prob_mc_mean": 0.059067859498680736,
      "pcr_prob_mc_se": 0.0025942731472533486,
      "swd_mm_mc_mean_mean": 1.5581184853077745,
      "swd_mm_mc_mean_se": 0.09801326516717787,
      "chamfer_mm_mc_mean_mean": 3.9980537105539558,
      "chamfer_mm_mc_mean_se": 0.07941277313898118,
      "dice_mc_mean_mean": 0.04349240277765069,
      "dice_mc_mean_se": 0.0007278559735000603,
      "ftv_abs_err_ml_mc_mean_mean": 7.182142904363703,
      "ftv_abs_err_ml_mc_mean_se": 0.2972542039608913,
      "alive_count_abs_err_mc_mean_mean": 2.6235158311345645,
      "alive_count_abs_err_mc_mean_se": 0.7895763341852239
    },
    {
      "start_visit": "T1",
      "predicted_visit": "T3",
      "n_patients": 758,
      "mean_rollout_depth": 2.0,
      "ftv_mc_mean_ml_mean": 26.36016328891705,
      "ftv_mc_mean_ml_se": 1.2650996434886972,
      "ftv_mc_std_ml_mean": 10.095286190351434,
      "ftv_mc_std_ml_se": 0.11607121251841103,
      "ftv_raw_width90_ml_mean": 21.47309298818473,
      "ftv_raw_width90_ml_se": 0.23955924329462103,
      "ftv_conformal_width90_ml_mean": 24.026822895957125,
      "ftv_conformal_width90_ml_se": 0.23944379923207942,
      "coverage90_ftv_raw_mean": 0.8825857519788918,
      "coverage90_ftv_raw_se": 0.011700136185838506,
      "coverage90_ftv_conformal_mean": 0.9010554089709762,
      "coverage90_ftv_conformal_se": 0.010852351158798469,
      "crps_ftv_mean": 4.2074400827310505,
      "crps_ftv_se": 0.3285593058647515,
      "pcr_prob_mc_mean": 0.06333484498680739,
      "pcr_prob_mc_se": 0.002885031879231565,
      "swd_mm_mc_mean_mean": 1.6302258339199311,
      "swd_mm_mc_mean_se": 0.09558171021738544,
      "chamfer_mm_mc_mean_mean": 4.094839985166506,
      "chamfer_mm_mc_mean_se": 0.07959515948619673,
      "dice_mc_mean_mean": 0.041861850962484765,
      "dice_mc_mean_se": 0.0006775762917997214,
      "ftv_abs_err_ml_mc_mean_mean": 7.998196295936043,
      "ftv_abs_err_ml_mc_mean_se": 0.3444999208214621,