{
  "metadata": {
    "model_family": "consistent_graph_scheduled_sampling_rollout",
    "runs_dir": "runs/edge_attr_meaning_synthetic_spatial_field/hybrid_a50_bio_k8",
    "checkpoint_name": "best.pt",
    "graphs_root": "datasets/synthetic_ftv_graphs_spatial_field/graphs",
    "n_patients": 240,
    "n_rollout_records": 1440,
    "n_mc": 128,
    "metric_draws": 32,
    "start_visits": [
      "T0",
      "T1",
      "T2"
    ],
    "residual_stratify_by": "none",
    "eps_pcr": 0.1,
    "interval": 0.9,
    "seed": 20260513,
    "device": "cuda",
    "leakage_policy": "each patient scored with its held-out fold checkpoint; calibration residuals exclude target patient"
  },
  "n_rows": 1440,
  "n_patients": 240,
  "by_conditioning_visit": [
    {
      "start_visit": "T0",
      "predicted_visit": "T1",
      "n_patients": 240,
      "mean_rollout_depth": 1.0,
      "ftv_mc_mean_ml_mean": 30.209172013794266,
      "ftv_mc_mean_ml_se": 1.9349373239472503,
      "ftv_mc_std_ml_mean": 9.095744150635232,
      "ftv_mc_std_ml_se": 0.13323749468593868,
      "ftv_raw_width90_ml_mean": 27.407455073677603,
      "ftv_raw_width90_ml_se": 0.4765350440054944,
      "ftv_conformal_width90_ml_mean": 27.407455073677603,
      "ftv_conformal_width90_ml_se": 0.4765350440054944,
      "coverage90_ftv_raw_mean": 0.9291666666666667,
      "coverage90_ftv_raw_se": 0.01659459661796766,
      "coverage90_ftv_conformal_mean": 0.9291666666666667,
      "coverage90_ftv_conformal_se": 0.01659459661796766,
      "crps_ftv_mean": 4.040687266745427,
      "crps_ftv_se": 0.33410854331699463,
      "pcr_prob_mc_mean": 0.039290364583333334,
      "pcr_prob_mc_se": 0.0034951953661949207,
      "swd_mm_mc_mean_mean": 0.674258045980136,
      "swd_mm_mc_mean_se": 0.010377978696382335,
      "chamfer_mm_mc_mean_mean": 1.9701829888733164,
      "chamfer_mm_mc_mean_se": 0.01747649702971346,
      "dice_mc_mean_mean": 0.19349224694045183,
      "dice_mc_mean_se": 0.0034173505683700277,
      "ftv_abs_err_ml_mc_mean_mean": 8.673382800457754,
      "ftv_abs_err_ml_mc_mean_se": 0.3754372485059568,
      "alive_count_abs_err_mc_mean_mean": 4.124869791666667,
      "alive_count_abs_err_mc_mean_se": 0.13738451454859316
    },
    {
      "start_visit": "T0",
      "predicted_visit": "T2",
      "n_patients": 240,
      "mean_rollout_depth": 2.0,
      "ftv_mc_mean_ml_mean": 31.518560895404086,
      "ftv_mc_mean_ml_se": 2.2779358273343413,
      "ftv_mc_std_ml_mean": 20.0041610338218,
      "ftv_mc_std_ml_se": 0.36363111817149335,
      "ftv_raw_width90_ml_mean": 55.40512862268036,
      "ftv_raw_width90_ml_se": 1.3747281356469383,
      "ftv_conformal_width90_ml_mean": 55.40512862268036,
      "ftv_conformal_width90_ml_se": 1.3747281356469383,
      "coverage90_ftv_raw_mean": 0.9375,
      "coverage90_ftv_raw_se": 0.015657654163099062,
      "coverage90_ftv_conformal_mean": 0.9375,
      "coverage90_ftv_conformal_se": 0.015657654163099062,
      "crps_ftv_mean": 8.85397661358329,
      "crps_ftv_se": 0.7765107200135617,
      "pcr_prob_mc_mean": 0.13753255208333334,
      "pcr_prob_mc_se": 0.006521689472920964,
      "swd_mm_mc_mean_mean": 1.0882220080709988,
      "swd_mm_mc_mean_se": 0.023397528344410258,
      "chamfer_mm_mc_mean_mean": 2.5662736061366385,
      "chamfer_mm_mc_mean_se": 0.0311270267098287,
      "dice_mc_mean_mean": 0.12135880060302376,
      "dice_mc_mean_se": 0.003096766972840318,
      "ftv_abs_err_ml_mc_mean_mean": 18.317237888061637,
      "ftv_abs_err_ml_mc_mean_se": 0.8915848643247875,
      "alive_count_abs_err_mc_mean_mean": 10.093619791666667,
      "alive_count_abs_err_mc_mean_se": 0.30937668932574824
    },
    {
      "start_visit": "T0",
      "predicted_visit": "T3",
      "n_patients": 240,
      "mean_rollout_depth": 3.0,
      "ftv_mc_mean_ml_mean": 36.12741527463959,
      "ftv_mc_mean_ml_se": 2.877738239912462,
      "ftv_mc_std_ml_mean": 37.25059850960806,
      "ftv_mc_std_ml_se": 0.836673003399696,
      "ftv_raw_width90_ml_mean": 91.40831265955124,
      "ftv_raw_width90_ml_se": 3.2543683333105946,
      "ftv_conformal_width90_ml_mean": 91.40831265955124,
      "ftv_conformal_width90_ml_se": 3.2543683333105946,
      "coverage90_ftv_raw_mean": 0.9416666666666667,
      "coverage90_ftv_raw_se": 0.015160308719927046,
      "coverage90_ftv_conformal_mean": 0.9416666666666667,
      "coverage90_ftv_conformal_se": 0.015160308719927046,
      "crps_ftv_mean": 14.278257576288585,
      "crps_ftv_se": 1.6425899698911826,
      "pcr_prob_mc_mean": 0.23157552083333333,
      "pcr_prob_mc_se": 0.007030007684994311,
      "swd_mm_mc_mean_mean": 1.4362164610452477,
      "swd_mm_mc_mean_se": 0.031855750714060514,
      "chamfer_mm_mc_mean_mean": 2.8842349599777126,
      "chamfer_mm_mc_mean_se": 0.04070424316087956,
      "dice_mc_mean_mean": 0.10106954782766035,
      "dice_mc_mean_se": 0.0033341926931458694,
      "ftv_abs_err_ml_mc_mean_mean": 29.858314295411137,
      "ftv_abs_err_ml_mc_mean_se": 1.902722772884579,
      "alive_count_abs_err_mc_mean_mean": 16.170833333333334,
      "alive_count_abs_err_mc_mean_se": 0.4863745545153901
    },
    {
      "start_visit": "T1",
      "predicted_visit": "T2",
      "n_patients": 240,
      "mean_rollout_depth": 1.0,
      "ftv_mc_mean_ml_mean": 28.41985325595871,
      "ftv_mc_mean_ml_se": 2.5479368308485055,
      "ftv_mc_std_ml_mean": 8.232683938446613,
      "ftv_mc_std_ml_se": 0.18422713745031988,
      "ftv_raw_width90_ml_mean": 24.274646494561456,
      "ftv_raw_width90_ml_se": 0.6413528249315337,
      "ftv_conformal_width90_ml_mean": 24.274646494561456,
      "ftv_conformal_width90_ml_se": 0.6413528249315337,
      "coverage90_ftv_raw_mean": 0.9416666666666667,
      "coverage90_ftv_raw_se": 0.015160308719927046,
      "coverage90_ftv_conformal_mean": 0.9416666666666667,
      "coverage90_ftv_conformal_se": 0.015160308719927046,
      "crps_ftv_mean": 3.1689939715423163,
      "crps_ftv_se": 0.29636596174642943,
      "pcr_prob_mc_mean": 0.04261067708333333,
      "pcr_prob_mc_se": 0.0034080596944584757,
      "swd_mm_mc_mean_mean": 0.8308642995389524,
      "swd_mm_mc_mean_se": 0.013160296478848076,
      "chamfer_mm_mc_mean_mean": 2.3472377973968324,
      "chamfer_mm_mc_mean_se": 0.023480572063156298,
      "dice_mc_mean_mean": 0.1397244527520423,
      "dice_mc_mean_se": 0.0032851894960234866,
      "ftv_abs_err_ml_mc_mean_mean": 7.151356175415924,
      "ftv_abs_err_ml_mc_mean_se": 0.3616425903904626,
      "alive_count_abs_err_mc_mean_mean": 5.2328125,
      "alive_count_abs_err_mc_mean_se": 0.16825996302613858
    },
    {
      "start_visit": "T1",
      "predicted_visit": "T3",
      "n_patients": 240,
      "mean_rollout_depth": 2.0,
      "ftv_mc_mean_ml_mean": 31.983698842525783,
      "ftv_mc_mean_ml_se": 3.5872648993745972,
      "ftv_mc_std_ml_mean": 18.881442550633135,
      "ftv_mc_std_ml_se": 0.40357529694050737,
      "ftv_raw_width90_ml_mean": 45.997121556144826,
      "ftv_raw_width90_ml_se": 1.3506354389607662,
      "ftv_conformal_width90_ml_mean": 45.997121556144826,
      "ftv_conformal_width90_ml_se": 1.3506354389607662,
      "coverage90_ftv_raw_mean": 0.9333333333333333,
      "coverage90_ftv_raw_se": 0.016135179764551824,
      "coverage90_ftv_conformal_mean": 0.9333333333333333,
      "coverage90_ftv_conformal_se": 0.016135179764551824,
      "crps_ftv_mean": 6.624645847394135,
      "crps_ftv_se": 0.8942009839513508,
      "pcr_prob_mc_mean": 0.11064453125,
      "pcr_prob_mc_se": 0.006488751529664288,
      "swd_mm_mc_mean_mean": 1.1035248494027623,
      "swd_mm_mc_mean_se": 0.02242275968905959,
      "chamfer_mm_mc_mean_mean": 2.6630901610996203,
      "chamfer_mm_mc_mean_se": 0.0319645349604511,
      "dice_mc_mean_mean": 0.11302316026929266,
      "dice_mc_mean_se": 0.0033764077878539783,
      "ftv_abs_err_ml_mc_mean_mean": 14.230901194167002,
      "ftv_abs_err_ml_mc_mean_se": 1.0305914453319014,
      "alive_count_abs_err_mc_mean_mean": 8.2765625,