{
  "metadata": {
    "model_family": "consistent_graph_scheduled_sampling_rollout",
    "runs_dir": "runs/edge_meaning_breast/feature_all_k8",
    "checkpoint_name": "best.pt",
    "graphs_root": "datasets/ispy2/graphs_consistent",
    "n_patients": 758,
    "n_rollout_records": 4548,
    "n_mc": 128,
    "metric_draws": 32,
    "start_visits": [
      "T0",
      "T1",
      "T2"
    ],
    "residual_stratify_by": "none",
    "eps_pcr": 0.1,
    "interval": 0.9,
    "seed": 20260513,
    "device": "cuda",
    "leakage_policy": "each patient scored with its held-out fold checkpoint; calibration residuals exclude target patient"
  },
  "n_rows": 4548,
  "n_patients": 758,
  "by_conditioning_visit": [
    {
      "start_visit": "T0",
      "predicted_visit": "T1",
      "n_patients": 758,
      "mean_rollout_depth": 1.0,
      "ftv_mc_mean_ml_mean": 25.322045425222274,
      "ftv_mc_mean_ml_se": 1.2110472641149184,
      "ftv_mc_std_ml_mean": 11.473178987889295,
      "ftv_mc_std_ml_se": 0.19626737007909165,
      "ftv_raw_width90_ml_mean": 17.682820141924736,
      "ftv_raw_width90_ml_se": 0.1604754692802124,
      "ftv_conformal_width90_ml_mean": 19.045214056961463,
      "ftv_conformal_width90_ml_se": 0.16043534078702681,
      "coverage90_ftv_raw_mean": 0.8799472295514512,
      "coverage90_ftv_raw_se": 0.011813170378602555,
      "coverage90_ftv_conformal_mean": 0.9010554089709762,
      "coverage90_ftv_conformal_se": 0.010852351158798469,
      "crps_ftv_mean": 3.886553440239177,
      "crps_ftv_se": 0.4260823744153644,
      "pcr_prob_mc_mean": 0.056820992744063326,
      "pcr_prob_mc_se": 0.002839322936271655,
      "swd_mm_mc_mean_mean": 1.1435630288093004,
      "swd_mm_mc_mean_se": 0.016447632052161276,
      "chamfer_mm_mc_mean_mean": 3.422778061246134,
      "chamfer_mm_mc_mean_se": 0.024671917350440546,
      "dice_mc_mean_mean": 0.052405986794632764,
      "dice_mc_mean_se": 0.0008068589404863681,
      "ftv_abs_err_ml_mc_mean_mean": 7.374820215775026,
      "ftv_abs_err_ml_mc_mean_se": 0.43270198806882554,
      "alive_count_abs_err_mc_mean_mean": 0.7635224274406333,
      "alive_count_abs_err_mc_mean_se": 0.46855694362355765
    },
    {
      "start_visit": "T0",
      "predicted_visit": "T2",
      "n_patients": 758,
      "mean_rollout_depth": 2.0,
      "ftv_mc_mean_ml_mean": 26.824270967411714,
      "ftv_mc_mean_ml_se": 1.1023967840929607,
      "ftv_mc_std_ml_mean": 14.305182090552874,
      "ftv_mc_std_ml_se": 0.19699789552921457,
      "ftv_raw_width90_ml_mean": 22.268935236268522,
      "ftv_raw_width90_ml_se": 0.3032144793203418,
      "ftv_conformal_width90_ml_mean": 26.94452807863855,
      "ftv_conformal_width90_ml_se": 0.30336453779462363,
      "coverage90_ftv_raw_mean": 0.8588390501319261,
      "coverage90_ftv_raw_se": 0.012655089989508522,
      "coverage90_ftv_conformal_mean": 0.9010554089709762,
      "coverage90_ftv_conformal_se": 0.010852351158798469,
      "crps_ftv_mean": 4.722915745405497,
      "crps_ftv_se": 0.4809116043782165,
      "pcr_prob_mc_mean": 0.04953413588390501,
      "pcr_prob_mc_se": 0.002488708970664792,
      "swd_mm_mc_mean_mean": 1.187623291252888,
      "swd_mm_mc_mean_se": 0.02966680613490011,
      "chamfer_mm_mc_mean_mean": 3.494233613234642,
      "chamfer_mm_mc_mean_se": 0.030380637531341903,
      "dice_mc_mean_mean": 0.0494923042280746,
      "dice_mc_mean_se": 0.0007940194784537887,
      "ftv_abs_err_ml_mc_mean_mean": 9.12304548988964,
      "ftv_abs_err_ml_mc_mean_se": 0.48732825162790167,
      "alive_count_abs_err_mc_mean_mean": 2.761667216358839,
      "alive_count_abs_err_mc_mean_se": 0.7897714260007832
    },
    {
      "start_visit": "T0",
      "predicted_visit": "T3",
      "n_patients": 758,
      "mean_rollout_depth": 3.0,
      "ftv_mc_mean_ml_mean": 26.8349067506233,
      "ftv_mc_mean_ml_se": 1.0341985685128383,
      "ftv_mc_std_ml_mean": 15.404048272370709,
      "ftv_mc_std_ml_se": 0.1913410092874558,
      "ftv_raw_width90_ml_mean": 24.021990978893978,
      "ftv_raw_width90_ml_se": 0.3746161148796949,
      "ftv_conformal_width90_ml_mean": 28.195118207889568,
      "ftv_conformal_width90_ml_se": 0.37465809703285546,
      "coverage90_ftv_raw_mean": 0.8733509234828496,
      "coverage90_ftv_raw_se": 0.012087805570351032,
      "coverage90_ftv_conformal_mean": 0.9010554089709762,
      "coverage90_ftv_conformal_se": 0.010852351158798469,
      "crps_ftv_mean": 4.986728785074922,
      "crps_ftv_se": 0.5025789423798092,
      "pcr_prob_mc_mean": 0.05480087401055409,
      "pcr_prob_mc_se": 0.0027080212860031505,
      "swd_mm_mc_mean_mean": 1.17681178977119,
      "swd_mm_mc_mean_se": 0.02529677788443696,
      "chamfer_mm_mc_mean_mean": 3.4590726870926938,
      "chamfer_mm_mc_mean_se": 0.029243355190858206,
      "dice_mc_mean_mean": 0.05244665552247292,
      "dice_mc_mean_se": 0.0007991878983539561,
      "ftv_abs_err_ml_mc_mean_mean": 9.80167083334778,
      "ftv_abs_err_ml_mc_mean_se": 0.51529623015451,
      "alive_count_abs_err_mc_mean_mean": 2.674266160949868,
      "alive_count_abs_err_mc_mean_se": 0.744231782351672
    },
    {
      "start_visit": "T1",
      "predicted_visit": "T2",
      "n_patients": 758,
      "mean_rollout_depth": 1.0,
      "ftv_mc_mean_ml_mean": 27.42197051945901,
      "ftv_mc_mean_ml_se": 1.285178859560701,
      "ftv_mc_std_ml_mean": 10.255004668119774,
      "ftv_mc_std_ml_se": 0.1030831304006016,
      "ftv_raw_width90_ml_mean": 22.321669660254422,
      "ftv_raw_width90_ml_se": 0.20877347667047524,
      "ftv_conformal_width90_ml_mean": 26.13836998760654,
      "ftv_conformal_width90_ml_se": 0.20875374019462,
      "coverage90_ftv_raw_mean": 0.8693931398416886,
      "coverage90_ftv_raw_se": 0.012247379049296419,
      "coverage90_ftv_conformal_mean": 0.9010554089709762,
      "coverage90_ftv_conformal_se": 0.010852351158798469,
      "crps_ftv_mean": 4.2310434968356825,
      "crps_ftv_se": 0.31616900387107255,
      "pcr_prob_mc_mean": 0.041092925461741425,
      "pcr_prob_mc_se": 0.0017093044855652944,
      "swd_mm_mc_mean_mean": 1.6350888269701895,
      "swd_mm_mc_mean_se": 0.09446894707336112,
      "chamfer_mm_mc_mean_mean": 4.1705990456297135,
      "chamfer_mm_mc_mean_se": 0.0799287273270383,
      "dice_mc_mean_mean": 0.03987976360520178,
      "dice_mc_mean_se": 0.0007131135603725787,
      "ftv_abs_err_ml_mc_mean_mean": 8.169570797810975,
      "ftv_abs_err_ml_mc_mean_se": 0.3282855902617341,
      "alive_count_abs_err_mc_mean_mean": 2.7997196569920844,
      "alive_count_abs_err_mc_mean_se": 0.7905466678468936
    },
    {
      "start_visit": "T1",
      "predicted_visit": "T3",
      "n_patients": 758,
      "mean_rollout_depth": 2.0,
      "ftv_mc_mean_ml_mean": 27.39877338355585,
      "ftv_mc_mean_ml_se": 1.1459161887814702,
      "ftv_mc_std_ml_mean": 12.600612387793069,
      "ftv_mc_std_ml_se": 0.14106063420048648,
      "ftv_raw_width90_ml_mean": 23.469602452408665,
      "ftv_raw_width90_ml_se": 0.2801423153958481,
      "ftv_conformal_width90_ml_mean": 28.752454028108346,
      "ftv_conformal_width90_ml_se": 0.2801123106632038,
      "coverage90_ftv_raw_mean": 0.841688654353562,
      "coverage90_ftv_raw_se": 0.013267338720779873,
      "coverage90_ftv_conformal_mean": 0.9010554089709762,
      "coverage90_ftv_conformal_se": 0.010852351158798469,
      "crps_ftv_mean": 4.678412939236533,
      "crps_ftv_se": 0.38500514231791877,
      "pcr_prob_mc_mean": 0.04402003627968338,
      "pcr_prob_mc_se": 0.0021985438317506296,
      "swd_mm_mc_mean_mean": 1.6770062740494427,
      "swd_mm_mc_mean_se": 0.09440679092237685,
      "chamfer_mm_mc_mean_mean": 4.212016036227789,
      "chamfer_mm_mc_mean_se": 0.07869260984825069,
      "dice_mc_mean_mean": 0.03758192144341833,
      "dice_mc_mean_se": 0.0006485867065024623,
      "ftv_abs_err_ml_mc_mean_mean": 9.09591282527738,
      "ftv_abs_err_ml_mc_mean_se": 0.3968338103203179,
      "alive_count_abs_err_mc_mean_mean": 2.7065880606860158,