{
  "metadata": {
    "model_family": "consistent_graph_scheduled_sampling_rollout",
    "runs_dir": "runs/edge_attr_meaning_breast/radial_geo_k8",
    "checkpoint_name": "best.pt",
    "graphs_root": "datasets/ispy2/graphs_consistent",
    "n_patients": 758,
    "n_rollout_records": 4548,
    "n_mc": 128,
    "metric_draws": 32,
    "start_visits": [
      "T0",
      "T1",
      "T2"
    ],
    "residual_stratify_by": "none",
    "eps_pcr": 0.1,
    "interval": 0.9,
    "seed": 20260513,
    "device": "cuda",
    "leakage_policy": "each patient scored with its held-out fold checkpoint; calibration residuals exclude target patient"
  },
  "n_rows": 4548,
  "n_patients": 758,
  "by_conditioning_visit": [
    {
      "start_visit": "T0",
      "predicted_visit": "T1",
      "n_patients": 758,
      "mean_rollout_depth": 1.0,
      "ftv_mc_mean_ml_mean": 25.158217754355192,
      "ftv_mc_mean_ml_se": 1.3060028750968742,
      "ftv_mc_std_ml_mean": 9.334333538768421,
      "ftv_mc_std_ml_se": 0.15860390609065778,
      "ftv_raw_width90_ml_mean": 16.540219326655738,
      "ftv_raw_width90_ml_se": 0.15098995456119424,
      "ftv_conformal_width90_ml_mean": 18.682070919782237,
      "ftv_conformal_width90_ml_se": 0.15088112880112442,
      "coverage90_ftv_raw_mean": 0.8825857519788918,
      "coverage90_ftv_raw_se": 0.011700136185838506,
      "coverage90_ftv_conformal_mean": 0.9010554089709762,
      "coverage90_ftv_conformal_se": 0.010852351158798469,
      "crps_ftv_mean": 3.5761456547610306,
      "crps_ftv_se": 0.3491118175474228,
      "pcr_prob_mc_mean": 0.05759399736147757,
      "pcr_prob_mc_se": 0.0026813419536198665,
      "swd_mm_mc_mean_mean": 1.1279524892278079,
      "swd_mm_mc_mean_se": 0.016771988195704416,
      "chamfer_mm_mc_mean_mean": 3.401725439303292,
      "chamfer_mm_mc_mean_se": 0.024925725500906073,
      "dice_mc_mean_mean": 0.053079220093020234,
      "dice_mc_mean_se": 0.0008253492787219557,
      "ftv_abs_err_ml_mc_mean_mean": 6.710469173644993,
      "ftv_abs_err_ml_mc_mean_se": 0.3588935203350593,
      "alive_count_abs_err_mc_mean_mean": 0.802358179419525,
      "alive_count_abs_err_mc_mean_se": 0.4688427888822592
    },
    {
      "start_visit": "T0",
      "predicted_visit": "T2",
      "n_patients": 758,
      "mean_rollout_depth": 2.0,
      "ftv_mc_mean_ml_mean": 26.301388020058962,
      "ftv_mc_mean_ml_se": 1.2442305453032372,
      "ftv_mc_std_ml_mean": 10.837583415364225,
      "ftv_mc_std_ml_se": 0.1407086911865644,
      "ftv_raw_width90_ml_mean": 19.29290333242064,
      "ftv_raw_width90_ml_se": 0.20116811600664936,
      "ftv_conformal_width90_ml_mean": 23.67312489512434,
      "ftv_conformal_width90_ml_se": 0.20111940254054758,
      "coverage90_ftv_raw_mean": 0.8773087071240105,
      "coverage90_ftv_raw_se": 0.011924361990825888,
      "coverage90_ftv_conformal_mean": 0.9010554089709762,
      "coverage90_ftv_conformal_se": 0.010852351158798469,
      "crps_ftv_mean": 4.1676213766591514,
      "crps_ftv_se": 0.37194926069137835,
      "pcr_prob_mc_mean": 0.05858344327176781,
      "pcr_prob_mc_se": 0.0026013728846070207,
      "swd_mm_mc_mean_mean": 1.1991798315881506,
      "swd_mm_mc_mean_se": 0.028821995183990052,
      "chamfer_mm_mc_mean_mean": 3.51285645290012,
      "chamfer_mm_mc_mean_se": 0.03055618749499923,
      "dice_mc_mean_mean": 0.04909049423926341,
      "dice_mc_mean_se": 0.000783559582257098,
      "ftv_abs_err_ml_mc_mean_mean": 7.94118136270877,
      "ftv_abs_err_ml_mc_mean_se": 0.3858386623199639,
      "alive_count_abs_err_mc_mean_mean": 2.828825857519789,
      "alive_count_abs_err_mc_mean_se": 0.7891172083998984
    },
    {
      "start_visit": "T0",
      "predicted_visit": "T3",
      "n_patients": 758,
      "mean_rollout_depth": 3.0,
      "ftv_mc_mean_ml_mean": 26.39202678298587,
      "ftv_mc_mean_ml_se": 1.1914699811412448,
      "ftv_mc_std_ml_mean": 10.861249819563128,
      "ftv_mc_std_ml_se": 0.1476673737211042,
      "ftv_raw_width90_ml_mean": 19.520570987151405,
      "ftv_raw_width90_ml_se": 0.22716657840661766,
      "ftv_conformal_width90_ml_mean": 23.313076517868957,
      "ftv_conformal_width90_ml_se": 0.22711689759818982,
      "coverage90_ftv_raw_mean": 0.8654353562005277,
      "coverage90_ftv_raw_se": 0.012403231800617903,
      "coverage90_ftv_conformal_mean": 0.9010554089709762,
      "coverage90_ftv_conformal_se": 0.010852351158798469,
      "crps_ftv_mean": 4.126256730429873,
      "crps_ftv_se": 0.3715996113702345,
      "pcr_prob_mc_mean": 0.05424431068601583,
      "pcr_prob_mc_se": 0.0025935319860492414,
      "swd_mm_mc_mean_mean": 1.1752914079007741,
      "swd_mm_mc_mean_se": 0.02532365335017354,
      "chamfer_mm_mc_mean_mean": 3.4602968478615574,
      "chamfer_mm_mc_mean_se": 0.029297198256705452,
      "dice_mc_mean_mean": 0.051874900828870266,
      "dice_mc_mean_se": 0.0007880501908425627,
      "ftv_abs_err_ml_mc_mean_mean": 7.8568273133072815,
      "ftv_abs_err_ml_mc_mean_se": 0.3814439065036542,
      "alive_count_abs_err_mc_mean_mean": 2.5881019129287597,
      "alive_count_abs_err_mc_mean_se": 0.7413343298228005
    },
    {
      "start_visit": "T1",
      "predicted_visit": "T2",
      "n_patients": 758,
      "mean_rollout_depth": 1.0,
      "ftv_mc_mean_ml_mean": 26.74468092633848,
      "ftv_mc_mean_ml_se": 1.3824008438090865,
      "ftv_mc_std_ml_mean": 8.663853986378522,
      "ftv_mc_std_ml_se": 0.10153324562482062,
      "ftv_raw_width90_ml_mean": 18.879780173586276,
      "ftv_raw_width90_ml_se": 0.1670531746469489,
      "ftv_conformal_width90_ml_mean": 20.875436988031183,
      "ftv_conformal_width90_ml_se": 0.16688787153637932,
      "coverage90_ftv_raw_mean": 0.8918205804749341,
      "coverage90_ftv_raw_se": 0.01128919900419228,
      "coverage90_ftv_conformal_mean": 0.9010554089709762,
      "coverage90_ftv_conformal_se": 0.010852351158798469,
      "crps_ftv_mean": 3.7977721218152856,
      "crps_ftv_se": 0.307002736138721,
      "pcr_prob_mc_mean": 0.04721512203166227,
      "pcr_prob_mc_se": 0.002008931360874941,
      "swd_mm_mc_mean_mean": 1.562632701819744,
      "swd_mm_mc_mean_se": 0.09496606906281314,
      "chamfer_mm_mc_mean_mean": 4.013106470785178,
      "chamfer_mm_mc_mean_se": 0.07928613970038428,
      "dice_mc_mean_mean": 0.043699642885397405,
      "dice_mc_mean_se": 0.000750062368801638,
      "ftv_abs_err_ml_mc_mean_mean": 7.097995554930566,
      "ftv_abs_err_ml_mc_mean_se": 0.3177675720242456,
      "alive_count_abs_err_mc_mean_mean": 2.6971883245382586,
      "alive_count_abs_err_mc_mean_se": 0.7912560853272192
    },
    {
      "start_visit": "T1",
      "predicted_visit": "T3",
      "n_patients": 758,
      "mean_rollout_depth": 2.0,
      "ftv_mc_mean_ml_mean": 26.860798243716136,
      "ftv_mc_mean_ml_se": 1.2830919562653595,
      "ftv_mc_std_ml_mean": 10.28064247684121,
      "ftv_mc_std_ml_se": 0.12888372254074665,
      "ftv_raw_width90_ml_mean": 19.934966844141304,
      "ftv_raw_width90_ml_se": 0.22743984215550522,
      "ftv_conformal_width90_ml_mean": 24.36131125186024,
      "ftv_conformal_width90_ml_se": 0.22738606364632194,
      "coverage90_ftv_raw_mean": 0.8614775725593667,
      "coverage90_ftv_raw_se": 0.01255550238241197,
      "coverage90_ftv_conformal_mean": 0.9010554089709762,
      "coverage90_ftv_conformal_se": 0.010852351158798469,
      "crps_ftv_mean": 4.178335638914256,
      "crps_ftv_se": 0.3339664863940778,
      "pcr_prob_mc_mean": 0.05014223284960422,
      "pcr_prob_mc_se": 0.0022500156928177213,
      "swd_mm_mc_mean_mean": 1.6065001688588942,
      "swd_mm_mc_mean_se": 0.09530102099252762,
      "chamfer_mm_mc_mean_mean": 4.071678442525017,
      "chamfer_mm_mc_mean_se": 0.07959030928727871,
      "dice_mc_mean_mean": 0.042053593299578355,
      "dice_mc_mean_se": 0.0006692599829515234,
      "ftv_abs_err_ml_mc_mean_mean": 7.891658215140209,
      "ftv_abs_err_ml_mc_mean_se": 0.34758556761206016,
      "alive_count_abs_err_mc_mean_mean": 2.650395778364116,