{
  "metadata": {
    "model_family": "consistent_graph_scheduled_sampling_rollout",
    "runs_dir": "runs/edge_attr_meaning_breast/radial_bio_k4",
    "checkpoint_name": "best.pt",
    "graphs_root": "datasets/ispy2/graphs_consistent",
    "n_patients": 758,
    "n_rollout_records": 4548,
    "n_mc": 128,
    "metric_draws": 32,
    "start_visits": [
      "T0",
      "T1",
      "T2"
    ],
    "residual_stratify_by": "none",
    "eps_pcr": 0.1,
    "interval": 0.9,
    "seed": 20260513,
    "device": "cuda",
    "leakage_policy": "each patient scored with its held-out fold checkpoint; calibration residuals exclude target patient"
  },
  "n_rows": 4548,
  "n_patients": 758,
  "by_conditioning_visit": [
    {
      "start_visit": "T0",
      "predicted_visit": "T1",
      "n_patients": 758,
      "mean_rollout_depth": 1.0,
      "ftv_mc_mean_ml_mean": 25.371191087040447,
      "ftv_mc_mean_ml_se": 1.2962647219121035,
      "ftv_mc_std_ml_mean": 9.977063646561259,
      "ftv_mc_std_ml_se": 0.15042917949608428,
      "ftv_raw_width90_ml_mean": 17.421814164704504,
      "ftv_raw_width90_ml_se": 0.15342688053689418,
      "ftv_conformal_width90_ml_mean": 20.075352873571102,
      "ftv_conformal_width90_ml_se": 0.1533804765558436,
      "coverage90_ftv_raw_mean": 0.8746701846965699,
      "coverage90_ftv_raw_se": 0.012033762098788913,
      "coverage90_ftv_conformal_mean": 0.9010554089709762,
      "coverage90_ftv_conformal_se": 0.010852351158798469,
      "crps_ftv_mean": 3.618776539592231,
      "crps_ftv_se": 0.3463817144825665,
      "pcr_prob_mc_mean": 0.05553265171503958,
      "pcr_prob_mc_se": 0.0026672227485305174,
      "swd_mm_mc_mean_mean": 1.1329096016259625,
      "swd_mm_mc_mean_se": 0.016540684962589078,
      "chamfer_mm_mc_mean_mean": 3.4152999174711582,
      "chamfer_mm_mc_mean_se": 0.024776304874348284,
      "dice_mc_mean_mean": 0.05248285264077603,
      "dice_mc_mean_se": 0.0008200649685334468,
      "ftv_abs_err_ml_mc_mean_mean": 6.994934462352537,
      "ftv_abs_err_ml_mc_mean_se": 0.3536024665427582,
      "alive_count_abs_err_mc_mean_mean": 0.6578578496042217,
      "alive_count_abs_err_mc_mean_se": 0.4672338522788047
    },
    {
      "start_visit": "T0",
      "predicted_visit": "T2",
      "n_patients": 758,
      "mean_rollout_depth": 2.0,
      "ftv_mc_mean_ml_mean": 26.17736173055227,
      "ftv_mc_mean_ml_se": 1.2280712430118876,
      "ftv_mc_std_ml_mean": 10.60486839850996,
      "ftv_mc_std_ml_se": 0.13241616527971295,
      "ftv_raw_width90_ml_mean": 19.54535469026342,
      "ftv_raw_width90_ml_se": 0.21374112179745103,
      "ftv_conformal_width90_ml_mean": 22.121777727943353,
      "ftv_conformal_width90_ml_se": 0.21362078868142428,
      "coverage90_ftv_raw_mean": 0.8786279683377308,
      "coverage90_ftv_raw_se": 0.011868993250592846,
      "coverage90_ftv_conformal_mean": 0.9010554089709762,
      "coverage90_ftv_conformal_se": 0.010852351158798469,
      "crps_ftv_mean": 4.098028246350162,
      "crps_ftv_se": 0.362386362360394,
      "pcr_prob_mc_mean": 0.056058294854881265,
      "pcr_prob_mc_se": 0.0025023375182269846,
      "swd_mm_mc_mean_mean": 1.192823656609155,
      "swd_mm_mc_mean_se": 0.02913617006949818,
      "chamfer_mm_mc_mean_mean": 3.501846737212992,
      "chamfer_mm_mc_mean_se": 0.030375217254275458,
      "dice_mc_mean_mean": 0.04924781476105068,
      "dice_mc_mean_se": 0.0007831066888201799,
      "ftv_abs_err_ml_mc_mean_mean": 7.780341691835396,
      "ftv_abs_err_ml_mc_mean_se": 0.3746523638237121,
      "alive_count_abs_err_mc_mean_mean": 2.905095646437995,
      "alive_count_abs_err_mc_mean_se": 0.7912376679386603
    },
    {
      "start_visit": "T0",
      "predicted_visit": "T3",
      "n_patients": 758,
      "mean_rollout_depth": 3.0,
      "ftv_mc_mean_ml_mean": 26.523526056446592,
      "ftv_mc_mean_ml_se": 1.1662633829491649,
      "ftv_mc_std_ml_mean": 11.856840947144166,
      "ftv_mc_std_ml_se": 0.1489203903166838,
      "ftv_raw_width90_ml_mean": 21.10392330769618,
      "ftv_raw_width90_ml_se": 0.26716097514825177,
      "ftv_conformal_width90_ml_mean": 24.25265827276087,
      "ftv_conformal_width90_ml_se": 0.2671107350183879,
      "coverage90_ftv_raw_mean": 0.8786279683377308,
      "coverage90_ftv_raw_se": 0.011868993250592848,
      "coverage90_ftv_conformal_mean": 0.9010554089709762,
      "coverage90_ftv_conformal_se": 0.010852351158798469,
      "crps_ftv_mean": 4.236079501184249,
      "crps_ftv_se": 0.3774411440711885,
      "pcr_prob_mc_mean": 0.05438860488126649,
      "pcr_prob_mc_se": 0.0025773908510650007,
      "swd_mm_mc_mean_mean": 1.1742241168907688,
      "swd_mm_mc_mean_se": 0.025374454753048174,
      "chamfer_mm_mc_mean_mean": 3.4613569233744967,
      "chamfer_mm_mc_mean_se": 0.02933473125402626,
      "dice_mc_mean_mean": 0.05201894510244282,
      "dice_mc_mean_se": 0.0007773364458876399,
      "ftv_abs_err_ml_mc_mean_mean": 8.20969733019829,
      "ftv_abs_err_ml_mc_mean_se": 0.38859389998748134,
      "alive_count_abs_err_mc_mean_mean": 2.5143057387862795,
      "alive_count_abs_err_mc_mean_se": 0.7442827933251398
    },
    {
      "start_visit": "T1",
      "predicted_visit": "T2",
      "n_patients": 758,
      "mean_rollout_depth": 1.0,
      "ftv_mc_mean_ml_mean": 26.51901431379907,
      "ftv_mc_mean_ml_se": 1.3791185529036145,
      "ftv_mc_std_ml_mean": 8.405240560987583,
      "ftv_mc_std_ml_se": 0.10315799229748145,
      "ftv_raw_width90_ml_mean": 19.20921154770192,
      "ftv_raw_width90_ml_se": 0.17377406506400406,
      "ftv_conformal_width90_ml_mean": 22.416752145694872,
      "ftv_conformal_width90_ml_se": 0.1735799871546081,
      "coverage90_ftv_raw_mean": 0.8641160949868074,
      "coverage90_ftv_raw_se": 0.012454380128074684,
      "coverage90_ftv_conformal_mean": 0.9010554089709762,
      "coverage90_ftv_conformal_se": 0.010852351158798469,
      "crps_ftv_mean": 3.7441936040159347,
      "crps_ftv_se": 0.28650422954127924,
      "pcr_prob_mc_mean": 0.04943106860158311,
      "pcr_prob_mc_se": 0.0021083259317882085,
      "swd_mm_mc_mean_mean": 1.581057202828626,
      "swd_mm_mc_mean_se": 0.09623067660754843,
      "chamfer_mm_mc_mean_mean": 4.058904602802321,
      "chamfer_mm_mc_mean_se": 0.08038871687226197,
      "dice_mc_mean_mean": 0.04198593413007423,
      "dice_mc_mean_se": 0.0007255471334740728,
      "ftv_abs_err_ml_mc_mean_mean": 7.084644788245608,
      "ftv_abs_err_ml_mc_mean_se": 0.2997358845056995,
      "alive_count_abs_err_mc_mean_mean": 2.72938654353562,
      "alive_count_abs_err_mc_mean_se": 0.7902654392213051
    },
    {
      "start_visit": "T1",
      "predicted_visit": "T3",
      "n_patients": 758,
      "mean_rollout_depth": 2.0,
      "ftv_mc_mean_ml_mean": 26.630257468705963,
      "ftv_mc_mean_ml_se": 1.274587216817309,
      "ftv_mc_std_ml_mean": 10.366654725836966,
      "ftv_mc_std_ml_se": 0.12850015969848003,
      "ftv_raw_width90_ml_mean": 20.75748889782269,
      "ftv_raw_width90_ml_se": 0.24919031519758691,
      "ftv_conformal_width90_ml_mean": 24.537140816300756,
      "ftv_conformal_width90_ml_se": 0.24919206093144067,
      "coverage90_ftv_raw_mean": 0.8680738786279684,
      "coverage90_ftv_raw_se": 0.012299736326488502,
      "coverage90_ftv_conformal_mean": 0.9010554089709762,
      "coverage90_ftv_conformal_se": 0.010852351158798469,
      "crps_ftv_mean": 4.275109169695814,
      "crps_ftv_se": 0.34732587708405305,
      "pcr_prob_mc_mean": 0.057573383905013195,
      "pcr_prob_mc_se": 0.0025848227597701757,
      "swd_mm_mc_mean_mean": 1.639948247304018,
      "swd_mm_mc_mean_se": 0.09633026044332593,
      "chamfer_mm_mc_mean_mean": 4.130231818359934,
      "chamfer_mm_mc_mean_se": 0.0801328617560699,
      "dice_mc_mean_mean": 0.04003942729058214,
      "dice_mc_mean_se": 0.0006774762821066286,
      "ftv_abs_err_ml_mc_mean_mean": 8.10488674249348,
      "ftv_abs_err_ml_mc_mean_se": 0.36180382335182154,
      "alive_count_abs_err_mc_mean_mean": 2.7107519788918206,