{
  "metadata": {
    "model_family": "consistent_graph_scheduled_sampling_rollout",
    "runs_dir": "runs/edge_meaning_breast/hybrid_a25_k8",
    "checkpoint_name": "best.pt",
    "graphs_root": "datasets/ispy2/graphs_consistent",
    "n_patients": 758,
    "n_rollout_records": 4548,
    "n_mc": 128,
    "metric_draws": 32,
    "start_visits": [
      "T0",
      "T1",
      "T2"
    ],
    "residual_stratify_by": "none",
    "eps_pcr": 0.1,
    "interval": 0.9,
    "seed": 20260513,
    "device": "cuda",
    "leakage_policy": "each patient scored with its held-out fold checkpoint; calibration residuals exclude target patient"
  },
  "n_rows": 4548,
  "n_patients": 758,
  "by_conditioning_visit": [
    {
      "start_visit": "T0",
      "predicted_visit": "T1",
      "n_patients": 758,
      "mean_rollout_depth": 1.0,
      "ftv_mc_mean_ml_mean": 25.47056637160065,
      "ftv_mc_mean_ml_se": 1.2200625985783196,
      "ftv_mc_std_ml_mean": 11.727176757665188,
      "ftv_mc_std_ml_se": 0.2122590744083678,
      "ftv_raw_width90_ml_mean": 17.72311022345651,
      "ftv_raw_width90_ml_se": 0.16396379570987715,
      "ftv_conformal_width90_ml_mean": 19.49437485786413,
      "ftv_conformal_width90_ml_se": 0.16390196042769645,
      "coverage90_ftv_raw_mean": 0.8839050131926122,
      "coverage90_ftv_raw_se": 0.011642911385438274,
      "coverage90_ftv_conformal_mean": 0.9010554089709762,
      "coverage90_ftv_conformal_se": 0.010852351158798469,
      "crps_ftv_mean": 3.865366021862264,
      "crps_ftv_se": 0.417208929481356,
      "pcr_prob_mc_mean": 0.05533682387862797,
      "pcr_prob_mc_se": 0.0027213615009008393,
      "swd_mm_mc_mean_mean": 1.1562706668296103,
      "swd_mm_mc_mean_se": 0.016740469276664734,
      "chamfer_mm_mc_mean_mean": 3.4343058063175134,
      "chamfer_mm_mc_mean_se": 0.024773514150644833,
      "dice_mc_mean_mean": 0.051572425177500734,
      "dice_mc_mean_se": 0.000797396268632425,
      "ftv_abs_err_ml_mc_mean_mean": 7.52243016072164,
      "ftv_abs_err_ml_mc_mean_se": 0.4248006108362549,
      "alive_count_abs_err_mc_mean_mean": 0.7650890501319261,
      "alive_count_abs_err_mc_mean_se": 0.46876177298963106
    },
    {
      "start_visit": "T0",
      "predicted_visit": "T2",
      "n_patients": 758,
      "mean_rollout_depth": 2.0,
      "ftv_mc_mean_ml_mean": 26.986972653091765,
      "ftv_mc_mean_ml_se": 1.1140713208335098,
      "ftv_mc_std_ml_mean": 14.501892524597139,
      "ftv_mc_std_ml_se": 0.19752801405771506,
      "ftv_raw_width90_ml_mean": 22.06642763332119,
      "ftv_raw_width90_ml_se": 0.2608861182449708,
      "ftv_conformal_width90_ml_mean": 26.256071288426355,
      "ftv_conformal_width90_ml_se": 0.2607163921167697,
      "coverage90_ftv_raw_mean": 0.862796833773087,
      "coverage90_ftv_raw_se": 0.012505135399755282,
      "coverage90_ftv_conformal_mean": 0.9010554089709762,
      "coverage90_ftv_conformal_se": 0.010852351158798469,
      "crps_ftv_mean": 4.7042869408936445,
      "crps_ftv_se": 0.47110405783043763,
      "pcr_prob_mc_mean": 0.04928677440633245,
      "pcr_prob_mc_se": 0.002381684163887431,
      "swd_mm_mc_mean_mean": 1.1982448865827118,
      "swd_mm_mc_mean_se": 0.02929002118183719,
      "chamfer_mm_mc_mean_mean": 3.506305465837824,
      "chamfer_mm_mc_mean_se": 0.030476282437940636,
      "dice_mc_mean_mean": 0.04927058114905952,
      "dice_mc_mean_se": 0.0007758520060478223,
      "ftv_abs_err_ml_mc_mean_mean": 9.265091781968355,
      "ftv_abs_err_ml_mc_mean_se": 0.4924415804229437,
      "alive_count_abs_err_mc_mean_mean": 2.8029765831134563,
      "alive_count_abs_err_mc_mean_se": 0.790578403399172
    },
    {
      "start_visit": "T0",
      "predicted_visit": "T3",
      "n_patients": 758,
      "mean_rollout_depth": 3.0,
      "ftv_mc_mean_ml_mean": 26.868769590404593,
      "ftv_mc_mean_ml_se": 1.045003089447489,
      "ftv_mc_std_ml_mean": 15.15030491731296,
      "ftv_mc_std_ml_se": 0.20029475829212567,
      "ftv_raw_width90_ml_mean": 24.208797288895962,
      "ftv_raw_width90_ml_se": 0.4026416709628088,
      "ftv_conformal_width90_ml_mean": 28.55490791221522,
      "ftv_conformal_width90_ml_se": 0.40263915837615144,
      "coverage90_ftv_raw_mean": 0.8641160949868074,
      "coverage90_ftv_raw_se": 0.012454380128074684,
      "coverage90_ftv_conformal_mean": 0.9010554089709762,
      "coverage90_ftv_conformal_se": 0.010852351158798469,
      "crps_ftv_mean": 4.976534752332582,
      "crps_ftv_se": 0.4923128846921062,
      "pcr_prob_mc_mean": 0.054161856860158314,
      "pcr_prob_mc_se": 0.0025791994550317856,
      "swd_mm_mc_mean_mean": 1.1897439454125527,
      "swd_mm_mc_mean_se": 0.025892416502704334,
      "chamfer_mm_mc_mean_mean": 3.4690112290996566,
      "chamfer_mm_mc_mean_se": 0.02953959229139669,
      "dice_mc_mean_mean": 0.051520523791477126,
      "dice_mc_mean_se": 0.0007714979956010465,
      "ftv_abs_err_ml_mc_mean_mean": 9.699622156348786,
      "ftv_abs_err_ml_mc_mean_se": 0.5110975390237663,
      "alive_count_abs_err_mc_mean_mean": 2.711494063324538,
      "alive_count_abs_err_mc_mean_se": 0.7445093175586509
    },
    {
      "start_visit": "T1",
      "predicted_visit": "T2",
      "n_patients": 758,
      "mean_rollout_depth": 1.0,
      "ftv_mc_mean_ml_mean": 27.38351863934756,
      "ftv_mc_mean_ml_se": 1.2891372089200284,
      "ftv_mc_std_ml_mean": 10.080231509030313,
      "ftv_mc_std_ml_se": 0.103733547882387,
      "ftv_raw_width90_ml_mean": 22.239595862690877,
      "ftv_raw_width90_ml_se": 0.22188970716700684,
      "ftv_conformal_width90_ml_mean": 26.540647157287136,
      "ftv_conformal_width90_ml_se": 0.22187248308283836,
      "coverage90_ftv_raw_mean": 0.8654353562005277,
      "coverage90_ftv_raw_se": 0.012403231800617903,
      "coverage90_ftv_conformal_mean": 0.9010554089709762,
      "coverage90_ftv_conformal_se": 0.010852351158798469,
      "crps_ftv_mean": 4.275958889882872,
      "crps_ftv_se": 0.32193423286830436,
      "pcr_prob_mc_mean": 0.04228850593667546,
      "pcr_prob_mc_se": 0.0017270705151730666,
      "swd_mm_mc_mean_mean": 1.6380921129611308,
      "swd_mm_mc_mean_se": 0.0952717868719166,
      "chamfer_mm_mc_mean_mean": 4.170194534392785,
      "chamfer_mm_mc_mean_se": 0.08110679877441757,
      "dice_mc_mean_mean": 0.04010027685827041,
      "dice_mc_mean_se": 0.0007161099387381911,
      "ftv_abs_err_ml_mc_mean_mean": 8.101824831469841,
      "ftv_abs_err_ml_mc_mean_se": 0.3340484774993462,
      "alive_count_abs_err_mc_mean_mean": 2.6537763852242744,
      "alive_count_abs_err_mc_mean_se": 0.7859265358646665
    },
    {
      "start_visit": "T1",
      "predicted_visit": "T3",
      "n_patients": 758,
      "mean_rollout_depth": 2.0,
      "ftv_mc_mean_ml_mean": 27.316659943762424,
      "ftv_mc_mean_ml_se": 1.147550708882785,
      "ftv_mc_std_ml_mean": 12.541243412782174,
      "ftv_mc_std_ml_se": 0.14694325184073267,
      "ftv_raw_width90_ml_mean": 23.379777429166154,
      "ftv_raw_width90_ml_se": 0.28087420690875486,
      "ftv_conformal_width90_ml_mean": 30.124571517971592,
      "ftv_conformal_width90_ml_se": 0.2808978951762896,
      "coverage90_ftv_raw_mean": 0.8337730870712401,
      "coverage90_ftv_raw_se": 0.013530899436475723,
      "coverage90_ftv_conformal_mean": 0.9010554089709762,
      "coverage90_ftv_conformal_se": 0.010852351158798469,
      "crps_ftv_mean": 4.750904918622095,
      "crps_ftv_se": 0.40560890299700775,
      "pcr_prob_mc_mean": 0.04561757915567282,
      "pcr_prob_mc_se": 0.0022326921843037026,
      "swd_mm_mc_mean_mean": 1.7329648962965352,
      "swd_mm_mc_mean_se": 0.097185520280158,
      "chamfer_mm_mc_mean_mean": 4.286473383466498,
      "chamfer_mm_mc_mean_se": 0.0814980232971018,
      "dice_mc_mean_mean": 0.03754457048657366,
      "dice_mc_mean_se": 0.0006427265622028652,
      "ftv_abs_err_ml_mc_mean_mean": 9.045680261816013,
      "ftv_abs_err_ml_mc_mean_se": 0.4196231624326074,
      "alive_count_abs_err_mc_mean_mean": 2.6877473614775726,