{
  "metadata": {
    "model_family": "consistent_graph_scheduled_sampling_rollout",
    "runs_dir": "runs/edge_meaning_breast/feature_volume_k8",
    "checkpoint_name": "best.pt",
    "graphs_root": "datasets/ispy2/graphs_consistent",
    "n_patients": 758,
    "n_rollout_records": 4548,
    "n_mc": 128,
    "metric_draws": 32,
    "start_visits": [
      "T0",
      "T1",
      "T2"
    ],
    "residual_stratify_by": "none",
    "eps_pcr": 0.1,
    "interval": 0.9,
    "seed": 20260513,
    "device": "cuda",
    "leakage_policy": "each patient scored with its held-out fold checkpoint; calibration residuals exclude target patient"
  },
  "n_rows": 4548,
  "n_patients": 758,
  "by_conditioning_visit": [
    {
      "start_visit": "T0",
      "predicted_visit": "T1",
      "n_patients": 758,
      "mean_rollout_depth": 1.0,
      "ftv_mc_mean_ml_mean": 25.362311340841575,
      "ftv_mc_mean_ml_se": 1.2108213065278532,
      "ftv_mc_std_ml_mean": 11.636026831208111,
      "ftv_mc_std_ml_se": 0.2037405139889063,
      "ftv_raw_width90_ml_mean": 17.493547936229458,
      "ftv_raw_width90_ml_se": 0.16967638880209815,
      "ftv_conformal_width90_ml_mean": 20.092896209960276,
      "ftv_conformal_width90_ml_se": 0.16937697056884693,
      "coverage90_ftv_raw_mean": 0.8799472295514512,
      "coverage90_ftv_raw_se": 0.011813170378602555,
      "coverage90_ftv_conformal_mean": 0.9010554089709762,
      "coverage90_ftv_conformal_se": 0.010852351158798469,
      "crps_ftv_mean": 3.858318135794138,
      "crps_ftv_se": 0.4239273362277577,
      "pcr_prob_mc_mean": 0.056470563984168866,
      "pcr_prob_mc_se": 0.0029055169237778796,
      "swd_mm_mc_mean_mean": 1.1477756297560269,
      "swd_mm_mc_mean_se": 0.01652256730537548,
      "chamfer_mm_mc_mean_mean": 3.427310580580323,
      "chamfer_mm_mc_mean_se": 0.02477271501539062,
      "dice_mc_mean_mean": 0.05197414260994331,
      "dice_mc_mean_se": 0.000816594028428699,
      "ftv_abs_err_ml_mc_mean_mean": 7.492060007350453,
      "ftv_abs_err_ml_mc_mean_se": 0.43582495951682126,
      "alive_count_abs_err_mc_mean_mean": 0.8061098284960422,
      "alive_count_abs_err_mc_mean_se": 0.46892172611688476
    },
    {
      "start_visit": "T0",
      "predicted_visit": "T2",
      "n_patients": 758,
      "mean_rollout_depth": 2.0,
      "ftv_mc_mean_ml_mean": 26.77230188732524,
      "ftv_mc_mean_ml_se": 1.0995580990892444,
      "ftv_mc_std_ml_mean": 14.369097360863089,
      "ftv_mc_std_ml_se": 0.2028167743580749,
      "ftv_raw_width90_ml_mean": 21.799551272481843,
      "ftv_raw_width90_ml_se": 0.2552369714758893,
      "ftv_conformal_width90_ml_mean": 26.272638462376484,
      "ftv_conformal_width90_ml_se": 0.2552244626888747,
      "coverage90_ftv_raw_mean": 0.8614775725593667,
      "coverage90_ftv_raw_se": 0.01255550238241197,
      "coverage90_ftv_conformal_mean": 0.9010554089709762,
      "coverage90_ftv_conformal_se": 0.010852351158798469,
      "crps_ftv_mean": 4.694898706972035,
      "crps_ftv_se": 0.4765390419995666,
      "pcr_prob_mc_mean": 0.05087401055408971,
      "pcr_prob_mc_se": 0.002500971146049303,
      "swd_mm_mc_mean_mean": 1.1852101307681946,
      "swd_mm_mc_mean_se": 0.028566092838853575,
      "chamfer_mm_mc_mean_mean": 3.491856923042899,
      "chamfer_mm_mc_mean_se": 0.030402788013181515,
      "dice_mc_mean_mean": 0.04946449642620881,
      "dice_mc_mean_se": 0.0007903825154667967,
      "ftv_abs_err_ml_mc_mean_mean": 9.113094851574262,
      "ftv_abs_err_ml_mc_mean_se": 0.4906703758907538,
      "alive_count_abs_err_mc_mean_mean": 2.6828001319261214,
      "alive_count_abs_err_mc_mean_se": 0.7893981461633705
    },
    {
      "start_visit": "T0",
      "predicted_visit": "T3",
      "n_patients": 758,
      "mean_rollout_depth": 3.0,
      "ftv_mc_mean_ml_mean": 26.73893461248366,
      "ftv_mc_mean_ml_se": 1.0350287491111407,
      "ftv_mc_std_ml_mean": 15.193625794173633,
      "ftv_mc_std_ml_se": 0.19711331829162237,
      "ftv_raw_width90_ml_mean": 24.063235893151077,
      "ftv_raw_width90_ml_se": 0.36950337846435954,
      "ftv_conformal_width90_ml_mean": 27.335974462451908,
      "ftv_conformal_width90_ml_se": 0.36950482822554476,
      "coverage90_ftv_raw_mean": 0.8733509234828496,
      "coverage90_ftv_raw_se": 0.012087805570351032,
      "coverage90_ftv_conformal_mean": 0.9010554089709762,
      "coverage90_ftv_conformal_se": 0.010852351158798469,
      "crps_ftv_mean": 4.913508050365263,
      "crps_ftv_se": 0.4935496790026746,
      "pcr_prob_mc_mean": 0.05569755936675462,
      "pcr_prob_mc_se": 0.0027728128294044496,
      "swd_mm_mc_mean_mean": 1.1835990653424855,
      "swd_mm_mc_mean_se": 0.025629095405874512,
      "chamfer_mm_mc_mean_mean": 3.462637955632112,
      "chamfer_mm_mc_mean_se": 0.029319164182814605,
      "dice_mc_mean_mean": 0.05197524143139641,
      "dice_mc_mean_se": 0.0007894315214344538,
      "ftv_abs_err_ml_mc_mean_mean": 9.555214834992725,
      "ftv_abs_err_ml_mc_mean_se": 0.5133704800627477,
      "alive_count_abs_err_mc_mean_mean": 2.683418535620053,
      "alive_count_abs_err_mc_mean_se": 0.7380779572783212
    },
    {
      "start_visit": "T1",
      "predicted_visit": "T2",
      "n_patients": 758,
      "mean_rollout_depth": 1.0,
      "ftv_mc_mean_ml_mean": 27.360089475052057,
      "ftv_mc_mean_ml_se": 1.2842492946693014,
      "ftv_mc_std_ml_mean": 10.17969522677384,
      "ftv_mc_std_ml_se": 0.10857425234928678,
      "ftv_raw_width90_ml_mean": 21.97071574992235,
      "ftv_raw_width90_ml_se": 0.2119462003923807,
      "ftv_conformal_width90_ml_mean": 26.960797121081907,
      "ftv_conformal_width90_ml_se": 0.21193676141254522,
      "coverage90_ftv_raw_mean": 0.8548812664907651,
      "coverage90_ftv_raw_se": 0.012801672131838242,
      "coverage90_ftv_conformal_mean": 0.9010554089709762,
      "coverage90_ftv_conformal_se": 0.010852351158798469,
      "crps_ftv_mean": 4.24732069094423,
      "crps_ftv_se": 0.31717660324822805,
      "pcr_prob_mc_mean": 0.04246372031662269,
      "pcr_prob_mc_se": 0.001821392589454239,
      "swd_mm_mc_mean_mean": 1.623443929733743,
      "swd_mm_mc_mean_se": 0.09369904310348064,
      "chamfer_mm_mc_mean_mean": 4.136587096791221,
      "chamfer_mm_mc_mean_se": 0.0774678399202791,
      "dice_mc_mean_mean": 0.040209333689360464,
      "dice_mc_mean_se": 0.0007063618101007374,
      "ftv_abs_err_ml_mc_mean_mean": 7.968865813509792,
      "ftv_abs_err_ml_mc_mean_se": 0.32855548864078965,
      "alive_count_abs_err_mc_mean_mean": 2.7025890501319263,
      "alive_count_abs_err_mc_mean_se": 0.7829305286269858
    },
    {
      "start_visit": "T1",
      "predicted_visit": "T3",
      "n_patients": 758,
      "mean_rollout_depth": 2.0,
      "ftv_mc_mean_ml_mean": 27.379216638949874,
      "ftv_mc_mean_ml_se": 1.143148578836781,
      "ftv_mc_std_ml_mean": 12.77745113309124,
      "ftv_mc_std_ml_se": 0.15336455038119723,
      "ftv_raw_width90_ml_mean": 23.944128424724855,
      "ftv_raw_width90_ml_se": 0.30408027822182154,
      "ftv_conformal_width90_ml_mean": 29.505593250891597,
      "ftv_conformal_width90_ml_se": 0.3040702026182005,
      "coverage90_ftv_raw_mean": 0.8496042216358839,
      "coverage90_ftv_raw_se": 0.012992065875468264,
      "coverage90_ftv_conformal_mean": 0.9010554089709762,
      "coverage90_ftv_conformal_se": 0.010852351158798469,
      "crps_ftv_mean": 4.655900504964004,
      "crps_ftv_se": 0.38408200280259014,
      "pcr_prob_mc_mean": 0.04437046503957784,
      "pcr_prob_mc_se": 0.0022229696378664714,
      "swd_mm_mc_mean_mean": 1.7022624334701448,
      "swd_mm_mc_mean_se": 0.09462110101420049,
      "chamfer_mm_mc_mean_mean": 4.248947760266982,
      "chamfer_mm_mc_mean_se": 0.07815139668961689,
      "dice_mc_mean_mean": 0.03773132298210654,
      "dice_mc_mean_se": 0.0006532611511929564,
      "ftv_abs_err_ml_mc_mean_mean": 8.976309903630204,
      "ftv_abs_err_ml_mc_mean_se": 0.3976764421224976,
      "alive_count_abs_err_mc_mean_mean": 2.7369310686015833,