{
  "metadata": {
    "model_family": "consistent_graph_scheduled_sampling_rollout",
    "runs_dir": "runs/consistent_forecaster_v2_bio/bio_ftv020_alive005",
    "checkpoint_name": "best.pt",
    "graphs_root": "datasets/ispy2/graphs_consistent",
    "n_patients": 758,
    "n_rollout_records": 4548,
    "n_mc": 256,
    "metric_draws": 0,
    "start_visits": [
      "T0",
      "T1",
      "T2"
    ],
    "eps_pcr": 0.1,
    "interval": 0.9,
    "seed": 42,
    "device": "cuda",
    "leakage_policy": "each patient scored with its held-out fold checkpoint; calibration residuals exclude target patient"
  },
  "residual_buckets": [
    {
      "start_visit": "T0",
      "predicted_visit": "T1",
      "n_records": 758,
      "n_unique_patients": 758,
      "n_local_disp_residuals": 121189,
      "n_log_volume_residuals": 121189,
      "ftv_resid_mean_ml": 1.3262202827709542,
      "ftv_resid_std_ml": 13.698117982433212,
      "alive_count_resid_mean": -0.4256234574758283,
      "alive_count_resid_std": 12.858705119485537,
      "raw_coverage90_ftv": 0.8720316622691293,
      "conformal_coverage90_ftv": 0.9010554089709762,
      "mean_conformal_q_ml": 1.710906461243631,
      "mean_crps_ftv": 3.9676188129120864
    },
    {
      "start_visit": "T0",
      "predicted_visit": "T2",
      "n_records": 758,
      "n_unique_patients": 758,
      "n_local_disp_residuals": 120227,
      "n_log_volume_residuals": 120227,
      "ftv_resid_mean_ml": 2.1595644153157085,
      "ftv_resid_std_ml": 16.113950294218867,
      "alive_count_resid_mean": -1.6357598876418413,
      "alive_count_resid_std": 21.69354095818555,
      "raw_coverage90_ftv": 0.8522427440633246,
      "conformal_coverage90_ftv": 0.9010554089709762,
      "mean_conformal_q_ml": 2.5633998663303106,
      "mean_crps_ftv": 4.876324599882027
    },
    {
      "start_visit": "T0",
      "predicted_visit": "T3",
      "n_records": 758,
      "n_unique_patients": 758,
      "n_local_disp_residuals": 120303,
      "n_log_volume_residuals": 120303,
      "ftv_resid_mean_ml": 1.7340523502458325,
      "ftv_resid_std_ml": 16.768120704114008,
      "alive_count_resid_mean": -1.544629904242493,
      "alive_count_resid_std": 20.46920605643196,
      "raw_coverage90_ftv": 0.8759894459102903,
      "conformal_coverage90_ftv": 0.9010554089709762,
      "mean_conformal_q_ml": 1.7625931925349754,
      "mean_crps_ftv": 5.156204494159763
    },
    {
      "start_visit": "T1",
      "predicted_visit": "T2",
      "n_records": 758,
      "n_unique_patients": 758,
      "n_local_disp_residuals": 120227,
      "n_log_volume_residuals": 120227,
      "ftv_resid_mean_ml": 1.7769000246476527,
      "ftv_resid_std_ml": 11.6864834776715,
      "alive_count_resid_mean": -1.7115307880423,
      "alive_count_resid_std": 21.736283386642054,
      "raw_coverage90_ftv": 0.8641160949868074,
      "conformal_coverage90_ftv": 0.9010554089709762,
      "mean_conformal_q_ml": 2.432868401613323,
      "mean_crps_ftv": 4.36025563568246
    },
    {
      "start_visit": "T1",
      "predicted_visit": "T3",
      "n_records": 758,
      "n_unique_patients": 758,
      "n_local_disp_residuals": 120303,
      "n_log_volume_residuals": 120303,
      "ftv_resid_mean_ml": 1.9185302533161175,
      "ftv_resid_std_ml": 14.326645104745763,
      "alive_count_resid_mean": -1.5671264211546463,
      "alive_count_resid_std": 20.4824049069998,
      "raw_coverage90_ftv": 0.8575197889182058,
      "conformal_coverage90_ftv": 0.9010554089709762,
      "mean_conformal_q_ml": 2.571542645731064,
      "mean_crps_ftv": 4.888666915505546
    },
    {
      "start_visit": "T2",
      "predicted_visit": "T3",
      "n_records": 758,
      "n_unique_patients": 758,
      "n_local_disp_residuals": 120303,
      "n_log_volume_residuals": 120303,
      "ftv_resid_mean_ml": 1.4378882117973009,
      "ftv_resid_std_ml": 10.935540145536045,
      "alive_count_resid_mean": -1.624352785952802,
      "alive_count_resid_std": 20.483332079711836,
      "raw_coverage90_ftv": 0.8733509234828496,
      "conformal_coverage90_ftv": 0.9010554089709762,
      "mean_conformal_q_ml": 1.6107489464785152,
      "mean_crps_ftv": 4.024771280863164
    }
  ]
}