{
  "metadata": {
    "model_family": "consistent_graph_scheduled_sampling_rollout",
    "runs_dir": "runs/consistent_forecaster_v2_bio/bio_ftv020_alive005",
    "checkpoint_name": "best.pt",
    "graphs_root": "datasets/ispy2/graphs_consistent",
    "n_patients": 758,
    "n_rollout_records": 4548,
    "n_mc": 256,
    "metric_draws": 0,
    "start_visits": [
      "T0",
      "T1",
      "T2"
    ],
    "eps_pcr": 0.1,
    "interval": 0.9,
    "seed": 42,
    "device": "cuda",
    "leakage_policy": "each patient scored with its held-out fold checkpoint; calibration residuals exclude target patient"
  },
  "n_rows": 4548,
  "n_patients": 758,
  "by_conditioning_visit": [
    {
      "start_visit": "T0",
      "predicted_visit": "T1",
      "n_patients": 758,
      "mean_rollout_depth": 1.0,
      "ftv_mc_mean_ml_mean": 25.788987101526306,
      "ftv_mc_mean_ml_se": 1.212752041330163,
      "ftv_mc_std_ml_mean": 12.603874305077836,
      "ftv_mc_std_ml_se": 0.15056108177148578,
      "ftv_raw_width90_ml_mean": 18.609216751432832,
      "ftv_raw_width90_ml_se": 0.13267374043353972,
      "ftv_conformal_width90_ml_mean": 22.03102967392009,
      "ftv_conformal_width90_ml_se": 0.13261586984670742,
      "coverage90_ftv_raw_mean": 0.8720316622691293,
      "coverage90_ftv_raw_se": 0.012141419129569623,
      "coverage90_ftv_conformal_mean": 0.9010554089709762,
      "coverage90_ftv_conformal_se": 0.010852351158798469,
      "crps_ftv_mean": 3.9676188129120864,
      "crps_ftv_se": 0.42962702141165554,
      "pcr_prob_mc_mean": 0.048699290897097625,
      "pcr_prob_mc_se": 0.002451133777418106,
      "swd_mm_mc_mean_mean": 1.1690882720659868,
      "swd_mm_mc_mean_se": 0.016558197624394283,
      "chamfer_mm_mc_mean_mean": 3.445710426372222,
      "chamfer_mm_mc_mean_se": 0.024685439646695527,
      "dice_mc_mean_mean": 0.05109969623453921,
      "dice_mc_mean_se": 0.0007663758520924953,
      "ftv_abs_err_ml_mc_mean_mean": 7.721487317614906,
      "ftv_abs_err_ml_mc_mean_se": 0.4356785211402368,
      "alive_count_abs_err_mc_mean_mean": 0.8328506348944591,
      "alive_count_abs_err_mc_mean_se": 0.4672588909580125
    },
    {
      "start_visit": "T0",
      "predicted_visit": "T2",
      "n_patients": 758,
      "mean_rollout_depth": 2.0,
      "ftv_mc_mean_ml_mean": 27.131043456313577,
      "ftv_mc_mean_ml_se": 1.1013089191759446,
      "ftv_mc_std_ml_mean": 15.328081953951866,
      "ftv_mc_std_ml_se": 0.15481015167102877,
      "ftv_raw_width90_ml_mean": 23.094704725037282,
      "ftv_raw_width90_ml_se": 0.20846570379023882,
      "ftv_conformal_width90_ml_mean": 28.221504457697904,
      "ftv_conformal_width90_ml_se": 0.20843289966362893,
      "coverage90_ftv_raw_mean": 0.8522427440633246,
      "coverage90_ftv_raw_se": 0.01289757686962857,
      "coverage90_ftv_conformal_mean": 0.9010554089709762,
      "coverage90_ftv_conformal_se": 0.010852351158798469,
      "crps_ftv_mean": 4.876324599882027,
      "crps_ftv_se": 0.49015849365782727,
      "pcr_prob_mc_mean": 0.04828186840369393,
      "pcr_prob_mc_se": 0.002289817437561823,
      "swd_mm_mc_mean_mean": 1.2091260086472952,
      "swd_mm_mc_mean_se": 0.029517982210912324,
      "chamfer_mm_mc_mean_mean": 3.5138730623906165,
      "chamfer_mm_mc_mean_se": 0.030481833351591894,
      "dice_mc_mean_mean": 0.04896407276503696,
      "dice_mc_mean_se": 0.0007563255591844555,
      "ftv_abs_err_ml_mc_mean_mean": 9.501257087819345,
      "ftv_abs_err_ml_mc_mean_se": 0.4960676355540192,
      "alive_count_abs_err_mc_mean_mean": 2.8138347213060686,
      "alive_count_abs_err_mc_mean_se": 0.7842141653952944
    },
    {
      "start_visit": "T0",
      "predicted_visit": "T3",
      "n_patients": 758,
      "mean_rollout_depth": 3.0,
      "ftv_mc_mean_ml_mean": 26.87273377253363,
      "ftv_mc_mean_ml_se": 1.029453607804108,
      "ftv_mc_std_ml_mean": 16.103833853856774,
      "ftv_mc_std_ml_se": 0.13509278467572272,
      "ftv_raw_width90_ml_mean": 24.423730249919142,
      "ftv_raw_width90_ml_se": 0.3015001564792606,
      "ftv_conformal_width90_ml_mean": 27.948916634989093,
      "ftv_conformal_width90_ml_se": 0.30143344529068805,
      "coverage90_ftv_raw_mean": 0.8759894459102903,
      "coverage90_ftv_raw_se": 0.011979282896350536,
      "coverage90_ftv_conformal_mean": 0.9010554089709762,
      "coverage90_ftv_conformal_se": 0.010852351158798469,
      "crps_ftv_mean": 5.156204494159763,
      "crps_ftv_se": 0.510258043456919,
      "pcr_prob_mc_mean": 0.057480623350923486,
      "pcr_prob_mc_se": 0.0027398424112321795,
      "swd_mm_mc_mean_mean": 1.20739733271003,
      "swd_mm_mc_mean_se": 0.025831902491885435,
      "chamfer_mm_mc_mean_mean": 3.4851397698441113,
      "chamfer_mm_mc_mean_se": 0.029579699285793976,
      "dice_mc_mean_mean": 0.051402740422183985,
      "dice_mc_mean_se": 0.0007543532028798638,
      "ftv_abs_err_ml_mc_mean_mean": 10.032045230720366,
      "ftv_abs_err_ml_mc_mean_se": 0.5176836663712572,
      "alive_count_abs_err_mc_mean_mean": 2.6918494393139842,
      "alive_count_abs_err_mc_mean_se": 0.7396211766850964
    },
    {
      "start_visit": "T1",
      "predicted_visit": "T2",
      "n_patients": 758,
      "mean_rollout_depth": 1.0,
      "ftv_mc_mean_ml_mean": 27.352469979317764,
      "ftv_mc_mean_ml_se": 1.270158377692652,
      "ftv_mc_std_ml_mean": 10.826993210000355,
      "ftv_mc_std_ml_se": 0.08424820662282052,
      "ftv_raw_width90_ml_mean": 22.51710460411958,
      "ftv_raw_width90_ml_se": 0.16080606318557705,
      "ftv_conformal_width90_ml_mean": 27.38284140734623,
      "ftv_conformal_width90_ml_se": 0.16075740456538637,
      "coverage90_ftv_raw_mean": 0.8641160949868074,
      "coverage90_ftv_raw_se": 0.012454380128074684,
      "coverage90_ftv_conformal_mean": 0.9010554089709762,
      "coverage90_ftv_conformal_se": 0.010852351158798469,
      "crps_ftv_mean": 4.36025563568246,
      "crps_ftv_se": 0.3318292353169358,
      "pcr_prob_mc_mean": 0.04482911444591029,
      "pcr_prob_mc_se": 0.0018238272761818988,
      "swd_mm_mc_mean_mean": 1.6337818688487797,
      "swd_mm_mc_mean_se": 0.09454199864496779,
      "chamfer_mm_mc_mean_mean": 4.156189250099177,
      "chamfer_mm_mc_mean_se": 0.07699013605723533,
      "dice_mc_mean_mean": 0.03998427306163016,
      "dice_mc_mean_se": 0.0006933911794928631,
      "ftv_abs_err_ml_mc_mean_mean": 8.328323074160442,
      "ftv_abs_err_ml_mc_mean_se": 0.34107311443841676,
      "alive_count_abs_err_mc_mean_mean": 2.7257121949208445,
      "alive_count_abs_err_mc_mean_se": 0.783748578524873
    },
    {
      "start_visit": "T1",
      "predicted_visit": "T3",
      "n_patients": 758,
      "mean_rollout_depth": 2.0,
      "ftv_mc_mean_ml_mean": 27.41155393825021,
      "ftv_mc_mean_ml_se": 1.1301425388185034,
      "ftv_mc_std_ml_mean": 13.704825791323088,
      "ftv_mc_std_ml_se": 0.11141160781495668,
      "ftv_raw_width90_ml_mean": 24.47034989123393,
      "ftv_raw_width90_ml_se": 0.23930873842521377,
      "ftv_conformal_width90_ml_mean": 29.613435182696062,
      "ftv_conformal_width90_ml_se": 0.23925776838411753,
      "coverage90_ftv_raw_mean": 0.8575197889182058,
      "coverage90_ftv_raw_se": 0.012704319600113381,
      "coverage90_ftv_conformal_mean": 0.9010554089709762,
      "coverage90_ftv_conformal_se": 0.010852351158798469,
      "crps_ftv_mean": 4.888666915505546,
      "crps_ftv_se": 0.4155454092603472,
      "pcr_prob_mc_mean": 0.04908579320580475,
      "pcr_prob_mc_se": 0.0023818580668281213,
      "swd_mm_mc_mean_mean": 1.705538512829225,
      "swd_mm_mc_mean_se": 0.09556571263734046,
      "chamfer_mm_mc_mean_mean": 4.243271978930488,
      "chamfer_mm_mc_mean_se": 0.07755389265377555,
      "dice_mc_mean_mean": 0.03750489224770606,
      "dice_mc_mean_se": 0.0006275413380181209,
      "ftv_abs_err_ml_mc_mean_mean": 9.445155263419439,
      "ftv_abs_err_ml_mc_mean_se": 0.4241074613350082,
      "alive_count_abs_err_mc_mean_mean": 2.645087813324538,