{
  "metadata": {
    "model_family": "consistent_graph_scheduled_sampling_rollout",
    "runs_dir": "runs/edge_meaning_breast/hybrid_a75_k8",
    "checkpoint_name": "best.pt",
    "graphs_root": "datasets/ispy2/graphs_consistent",
    "n_patients": 758,
    "n_rollout_records": 4548,
    "n_mc": 128,
    "metric_draws": 32,
    "start_visits": [
      "T0",
      "T1",
      "T2"
    ],
    "residual_stratify_by": "none",
    "eps_pcr": 0.1,
    "interval": 0.9,
    "seed": 20260513,
    "device": "cuda",
    "leakage_policy": "each patient scored with its held-out fold checkpoint; calibration residuals exclude target patient"
  },
  "n_rows": 4548,
  "n_patients": 758,
  "by_conditioning_visit": [
    {
      "start_visit": "T0",
      "predicted_visit": "T1",
      "n_patients": 758,
      "mean_rollout_depth": 1.0,
      "ftv_mc_mean_ml_mean": 25.61574265564728,
      "ftv_mc_mean_ml_se": 1.2210758486203412,
      "ftv_mc_std_ml_mean": 11.478557036384299,
      "ftv_mc_std_ml_se": 0.1952952649926969,
      "ftv_raw_width90_ml_mean": 18.151643194574433,
      "ftv_raw_width90_ml_se": 0.17072717981759913,
      "ftv_conformal_width90_ml_mean": 20.479603214402346,
      "ftv_conformal_width90_ml_se": 0.1707068831116774,
      "coverage90_ftv_raw_mean": 0.8773087071240105,
      "coverage90_ftv_raw_se": 0.011924361990825888,
      "coverage90_ftv_conformal_mean": 0.9010554089709762,
      "coverage90_ftv_conformal_se": 0.010852351158798469,
      "crps_ftv_mean": 3.9255007183610022,
      "crps_ftv_se": 0.42391367833272325,
      "pcr_prob_mc_mean": 0.050410207783641164,
      "pcr_prob_mc_se": 0.0024734810308515978,
      "swd_mm_mc_mean_mean": 1.1680459797365104,
      "swd_mm_mc_mean_se": 0.016571558915783616,
      "chamfer_mm_mc_mean_mean": 3.445116440875067,
      "chamfer_mm_mc_mean_se": 0.024697025947341373,
      "dice_mc_mean_mean": 0.05136685268498508,
      "dice_mc_mean_se": 0.0007896497550120013,
      "ftv_abs_err_ml_mc_mean_mean": 7.529747367336716,
      "ftv_abs_err_ml_mc_mean_se": 0.4319731792491517,
      "alive_count_abs_err_mc_mean_mean": 0.7969162269129287,
      "alive_count_abs_err_mc_mean_se": 0.46967359228312267
    },
    {
      "start_visit": "T0",
      "predicted_visit": "T2",
      "n_patients": 758,
      "mean_rollout_depth": 2.0,
      "ftv_mc_mean_ml_mean": 26.948492129214277,
      "ftv_mc_mean_ml_se": 1.10903614954503,
      "ftv_mc_std_ml_mean": 14.267861726647444,
      "ftv_mc_std_ml_se": 0.19106405173167806,
      "ftv_raw_width90_ml_mean": 22.45537505134431,
      "ftv_raw_width90_ml_se": 0.26614759705138263,
      "ftv_conformal_width90_ml_mean": 27.01010221489452,
      "ftv_conformal_width90_ml_se": 0.2660629180490422,
      "coverage90_ftv_raw_mean": 0.862796833773087,
      "coverage90_ftv_raw_se": 0.012505135399755282,
      "coverage90_ftv_conformal_mean": 0.9010554089709762,
      "coverage90_ftv_conformal_se": 0.010852351158798469,
      "crps_ftv_mean": 4.7629920771229255,
      "crps_ftv_se": 0.47468050311175497,
      "pcr_prob_mc_mean": 0.04813242084432718,
      "pcr_prob_mc_se": 0.0024104200671978384,
      "swd_mm_mc_mean_mean": 1.2085802449088077,
      "swd_mm_mc_mean_se": 0.029829882060091507,
      "chamfer_mm_mc_mean_mean": 3.512780239105832,
      "chamfer_mm_mc_mean_se": 0.03044546762209612,
      "dice_mc_mean_mean": 0.04918681773642777,
      "dice_mc_mean_se": 0.000784039832453835,
      "ftv_abs_err_ml_mc_mean_mean": 9.179696720772595,
      "ftv_abs_err_ml_mc_mean_se": 0.48600075756084704,
      "alive_count_abs_err_mc_mean_mean": 2.801121372031662,
      "alive_count_abs_err_mc_mean_se": 0.78991588175112
    },
    {
      "start_visit": "T0",
      "predicted_visit": "T3",
      "n_patients": 758,
      "mean_rollout_depth": 3.0,
      "ftv_mc_mean_ml_mean": 26.8169611202681,
      "ftv_mc_mean_ml_se": 1.040853442641547,
      "ftv_mc_std_ml_mean": 15.338902399204077,
      "ftv_mc_std_ml_se": 0.1839501624381617,
      "ftv_raw_width90_ml_mean": 24.260995917223134,
      "ftv_raw_width90_ml_se": 0.3754487165495238,
      "ftv_conformal_width90_ml_mean": 30.131579774701056,
      "ftv_conformal_width90_ml_se": 0.3754487389140498,
      "coverage90_ftv_raw_mean": 0.8641160949868074,
      "coverage90_ftv_raw_se": 0.012454380128074684,
      "coverage90_ftv_conformal_mean": 0.9010554089709762,
      "coverage90_ftv_conformal_se": 0.010852351158798469,
      "crps_ftv_mean": 5.0441358909650384,
      "crps_ftv_se": 0.49541466348416163,
      "pcr_prob_mc_mean": 0.05679007255936675,
      "pcr_prob_mc_se": 0.002750584754481494,
      "swd_mm_mc_mean_mean": 1.2041977835916615,
      "swd_mm_mc_mean_se": 0.02602631404719337,
      "chamfer_mm_mc_mean_mean": 3.480493477116558,
      "chamfer_mm_mc_mean_se": 0.029613049427260254,
      "dice_mc_mean_mean": 0.05176844583456117,
      "dice_mc_mean_se": 0.0007803464050653982,
      "ftv_abs_err_ml_mc_mean_mean": 9.715394665844135,
      "ftv_abs_err_ml_mc_mean_se": 0.5118006734073565,
      "alive_count_abs_err_mc_mean_mean": 2.651220316622691,
      "alive_count_abs_err_mc_mean_se": 0.7436006656766682
    },
    {
      "start_visit": "T1",
      "predicted_visit": "T2",
      "n_patients": 758,
      "mean_rollout_depth": 1.0,
      "ftv_mc_mean_ml_mean": 27.240954422556523,
      "ftv_mc_mean_ml_se": 1.2836918623588105,
      "ftv_mc_std_ml_mean": 10.158146117123284,
      "ftv_mc_std_ml_se": 0.11834523528974128,
      "ftv_raw_width90_ml_mean": 22.611574575776906,
      "ftv_raw_width90_ml_se": 0.22824800831770614,
      "ftv_conformal_width90_ml_mean": 27.776279990076112,
      "ftv_conformal_width90_ml_se": 0.22803470031457512,
      "coverage90_ftv_raw_mean": 0.8535620052770448,
      "coverage90_ftv_raw_se": 0.012849803437449014,
      "coverage90_ftv_conformal_mean": 0.9010554089709762,
      "coverage90_ftv_conformal_se": 0.010852351158798469,
      "crps_ftv_mean": 4.3155045842892905,
      "crps_ftv_se": 0.3260769471272098,
      "pcr_prob_mc_mean": 0.04500948218997362,
      "pcr_prob_mc_se": 0.00187331305412687,
      "swd_mm_mc_mean_mean": 1.6324331291576408,
      "swd_mm_mc_mean_se": 0.09529657330221317,
      "chamfer_mm_mc_mean_mean": 4.155984831234395,
      "chamfer_mm_mc_mean_se": 0.0801731023038288,
      "dice_mc_mean_mean": 0.039912821563790654,
      "dice_mc_mean_se": 0.000716608846115474,
      "ftv_abs_err_ml_mc_mean_mean": 8.268887964528066,
      "ftv_abs_err_ml_mc_mean_se": 0.34471184923133424,
      "alive_count_abs_err_mc_mean_mean": 2.7757255936675462,
      "alive_count_abs_err_mc_mean_se": 0.789633695495945
    },
    {
      "start_visit": "T1",
      "predicted_visit": "T3",
      "n_patients": 758,
      "mean_rollout_depth": 2.0,
      "ftv_mc_mean_ml_mean": 27.253289642356474,
      "ftv_mc_mean_ml_se": 1.1433378343091372,
      "ftv_mc_std_ml_mean": 12.87679175913454,
      "ftv_mc_std_ml_se": 0.1490053644399391,
      "ftv_raw_width90_ml_mean": 23.638433415320062,
      "ftv_raw_width90_ml_se": 0.28321018833047884,
      "ftv_conformal_width90_ml_mean": 30.628621446813632,
      "ftv_conformal_width90_ml_se": 0.28321170483088925,
      "coverage90_ftv_raw_mean": 0.8443271767810027,
      "coverage90_ftv_raw_se": 0.013176918058653567,
      "coverage90_ftv_conformal_mean": 0.9010554089709762,
      "coverage90_ftv_conformal_se": 0.010852351158798469,
      "crps_ftv_mean": 4.798213580985216,
      "crps_ftv_se": 0.40845190746497295,
      "pcr_prob_mc_mean": 0.05014223284960422,
      "pcr_prob_mc_se": 0.002362416771785776,
      "swd_mm_mc_mean_mean": 1.7154342862223293,
      "swd_mm_mc_mean_se": 0.09626924531528738,
      "chamfer_mm_mc_mean_mean": 4.251515082661927,
      "chamfer_mm_mc_mean_se": 0.08138721304518427,
      "dice_mc_mean_mean": 0.03736922637384946,
      "dice_mc_mean_se": 0.0006345756710018943,
      "ftv_abs_err_ml_mc_mean_mean": 9.243022321185954,
      "ftv_abs_err_ml_mc_mean_se": 0.4239968119741746,
      "alive_count_abs_err_mc_mean_mean": 2.7880936675461743,