{
  "metadata": {
    "model_family": "consistent_graph_scheduled_sampling_rollout",
    "runs_dir": "runs/consistent_forecaster_v2_bio/bio_ftv010_alive000",
    "checkpoint_name": "best.pt",
    "graphs_root": "datasets/ispy2/graphs_consistent",
    "n_patients": 758,
    "n_rollout_records": 4548,
    "n_mc": 256,
    "metric_draws": 0,
    "start_visits": [
      "T0",
      "T1",
      "T2"
    ],
    "eps_pcr": 0.1,
    "interval": 0.9,
    "seed": 42,
    "device": "cuda",
    "leakage_policy": "each patient scored with its held-out fold checkpoint; calibration residuals exclude target patient"
  },
  "residual_buckets": [
    {
      "start_visit": "T0",
      "predicted_visit": "T1",
      "n_records": 758,
      "n_unique_patients": 758,
      "n_local_disp_residuals": 121189,
      "n_log_volume_residuals": 121189,
      "ftv_resid_mean_ml": 1.680190860337883,
      "ftv_resid_std_ml": 13.749114596265876,
      "alive_count_resid_mean": 6.477468572694582,
      "alive_count_resid_std": 14.6195089986314,
      "raw_coverage90_ftv": 0.8641160949868074,
      "conformal_coverage90_ftv": 0.9010554089709762,
      "mean_conformal_q_ml": 1.2865997539104894,
      "mean_crps_ftv": 3.9933317097549876
    },
    {
      "start_visit": "T0",
      "predicted_visit": "T2",
      "n_records": 758,
      "n_unique_patients": 758,
      "n_local_disp_residuals": 120227,
      "n_log_volume_residuals": 120227,
      "ftv_resid_mean_ml": 2.3811204957586742,
      "ftv_resid_std_ml": 16.283073871152222,
      "alive_count_resid_mean": 7.406538911576636,
      "alive_count_resid_std": 23.303523803655413,
      "raw_coverage90_ftv": 0.8614775725593667,
      "conformal_coverage90_ftv": 0.9010554089709762,
      "mean_conformal_q_ml": 2.2757720218419917,
      "mean_crps_ftv": 4.835082938316547
    },
    {
      "start_visit": "T0",
      "predicted_visit": "T3",
      "n_records": 758,
      "n_unique_patients": 758,
      "n_local_disp_residuals": 120303,
      "n_log_volume_residuals": 120303,
      "ftv_resid_mean_ml": 1.505626845216242,
      "ftv_resid_std_ml": 17.03045891849923,
      "alive_count_resid_mean": 6.704485960874834,
      "alive_count_resid_std": 21.921168674332222,
      "raw_coverage90_ftv": 0.8746701846965699,
      "conformal_coverage90_ftv": 0.9010554089709762,
      "mean_conformal_q_ml": 1.4822796909923512,
      "mean_crps_ftv": 5.145158073161813
    },
    {
      "start_visit": "T1",
      "predicted_visit": "T2",
      "n_records": 758,
      "n_unique_patients": 758,
      "n_local_disp_residuals": 120227,
      "n_log_volume_residuals": 120227,
      "ftv_resid_mean_ml": 2.090191064365534,
      "ftv_resid_std_ml": 11.780366880424012,
      "alive_count_resid_mean": 4.868679407954531,
      "alive_count_resid_std": 22.979167451583884,
      "raw_coverage90_ftv": 0.862796833773087,
      "conformal_coverage90_ftv": 0.9010554089709762,
      "mean_conformal_q_ml": 2.4948258533878045,
      "mean_crps_ftv": 4.334743350737831
    },
    {
      "start_visit": "T1",
      "predicted_visit": "T3",
      "n_records": 758,
      "n_unique_patients": 758,
      "n_local_disp_residuals": 120303,
      "n_log_volume_residuals": 120303,
      "ftv_resid_mean_ml": 2.047903890925234,
      "ftv_resid_std_ml": 14.505805480897164,
      "alive_count_resid_mean": 6.39664255912197,
      "alive_count_resid_std": 22.221242482132414,
      "raw_coverage90_ftv": 0.8548812664907651,
      "conformal_coverage90_ftv": 0.9010554089709762,
      "mean_conformal_q_ml": 3.1040172159880757,
      "mean_crps_ftv": 4.8751961951303375
    },
    {
      "start_visit": "T2",
      "predicted_visit": "T3",
      "n_records": 758,
      "n_unique_patients": 758,
      "n_local_disp_residuals": 120303,
      "n_log_volume_residuals": 120303,
      "ftv_resid_mean_ml": 1.7448586851060552,
      "ftv_resid_std_ml": 11.146304777592297,
      "alive_count_resid_mean": 4.139251629045445,
      "alive_count_resid_std": 21.648856664788614,
      "raw_coverage90_ftv": 0.8799472295514512,
      "conformal_coverage90_ftv": 0.9010554089709762,
      "mean_conformal_q_ml": 1.494237383443786,
      "mean_crps_ftv": 4.015886416004414
    }
  ]
}