{
  "metadata": {
    "model_family": "consistent_graph_scheduled_sampling_rollout",
    "runs_dir": "runs/consistent_forecaster_v2_bio/bio_ftv010_alive000",
    "checkpoint_name": "best.pt",
    "graphs_root": "datasets/ispy2/graphs_consistent",
    "n_patients": 758,
    "n_rollout_records": 4548,
    "n_mc": 256,
    "metric_draws": 0,
    "start_visits": [
      "T0",
      "T1",
      "T2"
    ],
    "eps_pcr": 0.1,
    "interval": 0.9,
    "seed": 42,
    "device": "cuda",
    "leakage_policy": "each patient scored with its held-out fold checkpoint; calibration residuals exclude target patient"
  },
  "n_rows": 4548,
  "n_patients": 758,
  "by_conditioning_visit": [
    {
      "start_visit": "T0",
      "predicted_visit": "T1",
      "n_patients": 758,
      "mean_rollout_depth": 1.0,
      "ftv_mc_mean_ml_mean": 25.75593771675938,
      "ftv_mc_mean_ml_se": 1.1969563200577717,
      "ftv_mc_std_ml_mean": 12.66263126301098,
      "ftv_mc_std_ml_se": 0.15760473229618943,
      "ftv_raw_width90_ml_mean": 19.364204249591207,
      "ftv_raw_width90_ml_se": 0.1293531591685019,
      "ftv_conformal_width90_ml_mean": 21.937403757412184,
      "ftv_conformal_width90_ml_se": 0.12930397330449028,
      "coverage90_ftv_raw_mean": 0.8641160949868074,
      "coverage90_ftv_raw_se": 0.012454380128074684,
      "coverage90_ftv_conformal_mean": 0.9010554089709762,
      "coverage90_ftv_conformal_se": 0.010852351158798469,
      "crps_ftv_mean": 3.9933317097549876,
      "crps_ftv_se": 0.436885984990521,
      "pcr_prob_mc_mean": 0.04353562005277045,
      "pcr_prob_mc_se": 0.0021851797759443706,
      "swd_mm_mc_mean_mean": 1.1735149200211896,
      "swd_mm_mc_mean_se": 0.01645548558779989,
      "chamfer_mm_mc_mean_mean": 3.4564048557403644,
      "chamfer_mm_mc_mean_se": 0.02462174699781463,
      "dice_mc_mean_mean": 0.05071381420747276,
      "dice_mc_mean_se": 0.0007572787747150523,
      "ftv_abs_err_ml_mc_mean_mean": 7.814604208993432,
      "ftv_abs_err_ml_mc_mean_se": 0.4411902629717946,
      "alive_count_abs_err_mc_mean_mean": 4.500360735488127,
      "alive_count_abs_err_mc_mean_se": 0.4969000579317956
    },
    {
      "start_visit": "T0",
      "predicted_visit": "T2",
      "n_patients": 758,
      "mean_rollout_depth": 2.0,
      "ftv_mc_mean_ml_mean": 26.785411916245156,
      "ftv_mc_mean_ml_se": 1.0718937526749301,
      "ftv_mc_std_ml_mean": 15.61863761601122,
      "ftv_mc_std_ml_se": 0.15356235968226906,
      "ftv_raw_width90_ml_mean": 23.532481402187216,
      "ftv_raw_width90_ml_se": 0.20027668960733958,
      "ftv_conformal_width90_ml_mean": 28.084025445871195,
      "ftv_conformal_width90_ml_se": 0.2001339841786125,
      "coverage90_ftv_raw_mean": 0.8614775725593667,
      "coverage90_ftv_raw_se": 0.01255550238241197,
      "coverage90_ftv_conformal_mean": 0.9010554089709762,
      "coverage90_ftv_conformal_se": 0.010852351158798469,
      "crps_ftv_mean": 4.835082938316547,
      "crps_ftv_se": 0.5038091449726496,
      "pcr_prob_mc_mean": 0.04487549472295514,
      "pcr_prob_mc_se": 0.002206731048667852,
      "swd_mm_mc_mean_mean": 1.2232716225230715,
      "swd_mm_mc_mean_se": 0.02923133042846698,
      "chamfer_mm_mc_mean_mean": 3.530313475979039,
      "chamfer_mm_mc_mean_se": 0.03038300382108754,
      "dice_mc_mean_mean": 0.048492502588720864,
      "dice_mc_mean_se": 0.0007393002443164668,
      "ftv_abs_err_ml_mc_mean_mean": 9.531602981645719,
      "ftv_abs_err_ml_mc_mean_se": 0.512115020961899,
      "alive_count_abs_err_mc_mean_mean": 7.536341523746702,
      "alive_count_abs_err_mc_mean_se": 0.7990862286528387
    },
    {
      "start_visit": "T0",
      "predicted_visit": "T3",
      "n_patients": 758,
      "mean_rollout_depth": 3.0,
      "ftv_mc_mean_ml_mean": 26.07992978694438,
      "ftv_mc_mean_ml_se": 0.99373756969566,
      "ftv_mc_std_ml_mean": 16.188489408329424,
      "ftv_mc_std_ml_se": 0.1400992797572325,
      "ftv_raw_width90_ml_mean": 23.958590066719648,
      "ftv_raw_width90_ml_se": 0.2968334400835426,
      "ftv_conformal_width90_ml_mean": 26.923149448704347,
      "ftv_conformal_width90_ml_se": 0.29670209098942485,
      "coverage90_ftv_raw_mean": 0.8746701846965699,
      "coverage90_ftv_raw_se": 0.012033762098788913,
      "coverage90_ftv_conformal_mean": 0.9010554089709762,
      "coverage90_ftv_conformal_se": 0.010852351158798469,
      "crps_ftv_mean": 5.145158073161813,
      "crps_ftv_se": 0.5378699661316756,
      "pcr_prob_mc_mean": 0.06257730046174143,
      "pcr_prob_mc_se": 0.0031145108523201455,
      "swd_mm_mc_mean_mean": 1.2143383627789202,
      "swd_mm_mc_mean_se": 0.02568940206100499,
      "chamfer_mm_mc_mean_mean": 3.498403924842719,
      "chamfer_mm_mc_mean_se": 0.02949611650241588,
      "dice_mc_mean_mean": 0.0509831409775646,
      "dice_mc_mean_se": 0.0007462680178195439,
      "ftv_abs_err_ml_mc_mean_mean": 9.98305509428971,
      "ftv_abs_err_ml_mc_mean_se": 0.5467724043620842,
      "alive_count_abs_err_mc_mean_mean": 7.004911156002638,
      "alive_count_abs_err_mc_mean_se": 0.749083446231347
    },
    {
      "start_visit": "T1",
      "predicted_visit": "T2",
      "n_patients": 758,
      "mean_rollout_depth": 1.0,
      "ftv_mc_mean_ml_mean": 27.209872789384434,
      "ftv_mc_mean_ml_se": 1.2542850075098053,
      "ftv_mc_std_ml_mean": 10.720501493879565,
      "ftv_mc_std_ml_se": 0.08327489813474019,
      "ftv_raw_width90_ml_mean": 22.641554459632374,
      "ftv_raw_width90_ml_se": 0.15597945444812022,
      "ftv_conformal_width90_ml_mean": 27.63120616640798,
      "ftv_conformal_width90_ml_se": 0.15573766142523313,
      "coverage90_ftv_raw_mean": 0.862796833773087,
      "coverage90_ftv_raw_se": 0.012505135399755282,
      "coverage90_ftv_conformal_mean": 0.9010554089709762,
      "coverage90_ftv_conformal_se": 0.010852351158798469,
      "crps_ftv_mean": 4.334743350737831,
      "crps_ftv_se": 0.33774297688942345,
      "pcr_prob_mc_mean": 0.0406033558707124,
      "pcr_prob_mc_se": 0.0016712146138779186,
      "swd_mm_mc_mean_mean": 1.6355499443101293,
      "swd_mm_mc_mean_se": 0.09442026455911995,
      "chamfer_mm_mc_mean_mean": 4.163224379842506,
      "chamfer_mm_mc_mean_se": 0.07654055976618811,
      "dice_mc_mean_mean": 0.03960209508674438,
      "dice_mc_mean_se": 0.0006846394285519351,
      "ftv_abs_err_ml_mc_mean_mean": 8.311420065494222,
      "ftv_abs_err_ml_mc_mean_se": 0.34469304418303326,
      "alive_count_abs_err_mc_mean_mean": 6.1852376731530345,
      "alive_count_abs_err_mc_mean_se": 0.795543471103564
    },
    {
      "start_visit": "T1",
      "predicted_visit": "T3",
      "n_patients": 758,
      "mean_rollout_depth": 2.0,
      "ftv_mc_mean_ml_mean": 27.002750743251777,
      "ftv_mc_mean_ml_se": 1.1001953743419415,
      "ftv_mc_std_ml_mean": 13.834112787895311,
      "ftv_mc_std_ml_se": 0.11067482278157105,
      "ftv_raw_width90_ml_mean": 24.795844455972254,
      "ftv_raw_width90_ml_se": 0.22811257266295867,
      "ftv_conformal_width90_ml_mean": 31.003878887948403,
      "ftv_conformal_width90_ml_se": 0.22811723833741152,
      "coverage90_ftv_raw_mean": 0.8548812664907651,
      "coverage90_ftv_raw_se": 0.012801672131838242,
      "coverage90_ftv_conformal_mean": 0.9010554089709762,
      "coverage90_ftv_conformal_se": 0.010852351158798469,
      "crps_ftv_mean": 4.8751961951303375,
      "crps_ftv_se": 0.43220705049659564,
      "pcr_prob_mc_mean": 0.04673070580474934,
      "pcr_prob_mc_se": 0.0022415805441856882,
      "swd_mm_mc_mean_mean": 1.720755208951754,
      "swd_mm_mc_mean_se": 0.09558896840658238,
      "chamfer_mm_mc_mean_mean": 4.27707634569761,
      "chamfer_mm_mc_mean_se": 0.0779548730938935,
      "dice_mc_mean_mean": 0.03713646038535404,
      "dice_mc_mean_se": 0.0006099497794945277,
      "ftv_abs_err_ml_mc_mean_mean": 9.4622544024214,
      "ftv_abs_err_ml_mc_mean_se": 0.4369422044667402,
      "alive_count_abs_err_mc_mean_mean": 6.850475140171504,