{
  "metadata": {
    "model_family": "consistent_graph_scheduled_sampling_rollout",
    "runs_dir": "runs/edge_meaning_breast/hybrid_a50_k8",
    "checkpoint_name": "best.pt",
    "graphs_root": "datasets/ispy2/graphs_consistent",
    "n_patients": 758,
    "n_rollout_records": 4548,
    "n_mc": 128,
    "metric_draws": 32,
    "start_visits": [
      "T0",
      "T1",
      "T2"
    ],
    "residual_stratify_by": "none",
    "eps_pcr": 0.1,
    "interval": 0.9,
    "seed": 20260513,
    "device": "cuda",
    "leakage_policy": "each patient scored with its held-out fold checkpoint; calibration residuals exclude target patient"
  },
  "n_rows": 4548,
  "n_patients": 758,
  "by_conditioning_visit": [
    {
      "start_visit": "T0",
      "predicted_visit": "T1",
      "n_patients": 758,
      "mean_rollout_depth": 1.0,
      "ftv_mc_mean_ml_mean": 25.49112535034275,
      "ftv_mc_mean_ml_se": 1.22298777625643,
      "ftv_mc_std_ml_mean": 11.641904744183242,
      "ftv_mc_std_ml_se": 0.19721780220582538,
      "ftv_raw_width90_ml_mean": 17.806087918689077,
      "ftv_raw_width90_ml_se": 0.16825839967375072,
      "ftv_conformal_width90_ml_mean": 20.924369241641852,
      "ftv_conformal_width90_ml_se": 0.16807683674900123,
      "coverage90_ftv_raw_mean": 0.8799472295514512,
      "coverage90_ftv_raw_se": 0.011813170378602555,
      "coverage90_ftv_conformal_mean": 0.9010554089709762,
      "coverage90_ftv_conformal_se": 0.010852351158798469,
      "crps_ftv_mean": 3.876169078510286,
      "crps_ftv_se": 0.4188761027707495,
      "pcr_prob_mc_mean": 0.05390418865435356,
      "pcr_prob_mc_se": 0.0026296958451162574,
      "swd_mm_mc_mean_mean": 1.1622183567655693,
      "swd_mm_mc_mean_se": 0.016572395210356416,
      "chamfer_mm_mc_mean_mean": 3.4423529165281535,
      "chamfer_mm_mc_mean_se": 0.02465465116188062,
      "dice_mc_mean_mean": 0.05128676019751901,
      "dice_mc_mean_se": 0.000792480630403797,
      "ftv_abs_err_ml_mc_mean_mean": 7.425855931357789,
      "ftv_abs_err_ml_mc_mean_se": 0.42787168292187266,
      "alive_count_abs_err_mc_mean_mean": 0.8200032981530343,
      "alive_count_abs_err_mc_mean_se": 0.46942095445675375
    },
    {
      "start_visit": "T0",
      "predicted_visit": "T2",
      "n_patients": 758,
      "mean_rollout_depth": 2.0,
      "ftv_mc_mean_ml_mean": 26.97534685219122,
      "ftv_mc_mean_ml_se": 1.1163464595716195,
      "ftv_mc_std_ml_mean": 14.257028104991337,
      "ftv_mc_std_ml_se": 0.19556372499618346,
      "ftv_raw_width90_ml_mean": 22.381770920084723,
      "ftv_raw_width90_ml_se": 0.26846471832114766,
      "ftv_conformal_width90_ml_mean": 27.73758154480541,
      "ftv_conformal_width90_ml_se": 0.2684564019272186,
      "coverage90_ftv_raw_mean": 0.8509234828496042,
      "coverage90_ftv_raw_se": 0.01294499639056682,
      "coverage90_ftv_conformal_mean": 0.9010554089709762,
      "coverage90_ftv_conformal_se": 0.010852351158798469,
      "crps_ftv_mean": 4.719231385049659,
      "crps_ftv_se": 0.46980611760333085,
      "pcr_prob_mc_mean": 0.048792051451187333,
      "pcr_prob_mc_se": 0.002323828373217238,
      "swd_mm_mc_mean_mean": 1.208236584988635,
      "swd_mm_mc_mean_se": 0.02929613098095605,
      "chamfer_mm_mc_mean_mean": 3.513465371713365,
      "chamfer_mm_mc_mean_se": 0.030501361274357992,
      "dice_mc_mean_mean": 0.04904388725429515,
      "dice_mc_mean_se": 0.0007826031747791186,
      "ftv_abs_err_ml_mc_mean_mean": 9.266848281743155,
      "ftv_abs_err_ml_mc_mean_se": 0.4840253570554796,
      "alive_count_abs_err_mc_mean_mean": 2.87899901055409,
      "alive_count_abs_err_mc_mean_se": 0.7869700708084809
    },
    {
      "start_visit": "T0",
      "predicted_visit": "T3",
      "n_patients": 758,
      "mean_rollout_depth": 3.0,
      "ftv_mc_mean_ml_mean": 26.833373625213753,
      "ftv_mc_mean_ml_se": 1.0447060985033236,
      "ftv_mc_std_ml_mean": 15.153573152094065,
      "ftv_mc_std_ml_se": 0.19587416049394737,
      "ftv_raw_width90_ml_mean": 23.997577448089356,
      "ftv_raw_width90_ml_se": 0.3801784147560765,
      "ftv_conformal_width90_ml_mean": 28.975359151561943,
      "ftv_conformal_width90_ml_se": 0.3803326085075646,
      "coverage90_ftv_raw_mean": 0.8641160949868074,
      "coverage90_ftv_raw_se": 0.012454380128074684,
      "coverage90_ftv_conformal_mean": 0.9010554089709762,
      "coverage90_ftv_conformal_se": 0.010852351158798469,
      "crps_ftv_mean": 4.9970522393177195,
      "crps_ftv_se": 0.4942059340029712,
      "pcr_prob_mc_mean": 0.05562541226912929,
      "pcr_prob_mc_se": 0.0027095377234893714,
      "swd_mm_mc_mean_mean": 1.1984424048650657,
      "swd_mm_mc_mean_se": 0.025876793127712856,
      "chamfer_mm_mc_mean_mean": 3.4775572098269927,
      "chamfer_mm_mc_mean_se": 0.02959684362901283,
      "dice_mc_mean_mean": 0.051717632877461416,
      "dice_mc_mean_se": 0.0007830423261230529,
      "ftv_abs_err_ml_mc_mean_mean": 9.85951382203849,
      "ftv_abs_err_ml_mc_mean_se": 0.5150642243661372,
      "alive_count_abs_err_mc_mean_mean": 2.704320580474934,
      "alive_count_abs_err_mc_mean_se": 0.7411233453261938
    },
    {
      "start_visit": "T1",
      "predicted_visit": "T2",
      "n_patients": 758,
      "mean_rollout_depth": 1.0,
      "ftv_mc_mean_ml_mean": 27.317689133587574,
      "ftv_mc_mean_ml_se": 1.2901735342801248,
      "ftv_mc_std_ml_mean": 10.14068290605927,
      "ftv_mc_std_ml_se": 0.11367517886386978,
      "ftv_raw_width90_ml_mean": 22.326201433779634,
      "ftv_raw_width90_ml_se": 0.22960303032676846,
      "ftv_conformal_width90_ml_mean": 27.591772381531605,
      "ftv_conformal_width90_ml_se": 0.2302277031459056,
      "coverage90_ftv_raw_mean": 0.8680738786279684,
      "coverage90_ftv_raw_se": 0.012299736326488503,
      "coverage90_ftv_conformal_mean": 0.9010554089709762,
      "coverage90_ftv_conformal_se": 0.010852351158798469,
      "crps_ftv_mean": 4.282863155519599,
      "crps_ftv_se": 0.3235205616843239,
      "pcr_prob_mc_mean": 0.04380359498680739,
      "pcr_prob_mc_se": 0.001868966083596369,
      "swd_mm_mc_mean_mean": 1.620525564272283,
      "swd_mm_mc_mean_se": 0.0953000181095055,
      "chamfer_mm_mc_mean_mean": 4.1314224320169295,
      "chamfer_mm_mc_mean_se": 0.07933312350542417,
      "dice_mc_mean_mean": 0.03987912104103802,
      "dice_mc_mean_se": 0.0007026964911079507,
      "ftv_abs_err_ml_mc_mean_mean": 8.118915264476376,
      "ftv_abs_err_ml_mc_mean_se": 0.3415472863654504,
      "alive_count_abs_err_mc_mean_mean": 2.690262203166227,
      "alive_count_abs_err_mc_mean_se": 0.7880489182591865
    },
    {
      "start_visit": "T1",
      "predicted_visit": "T3",
      "n_patients": 758,
      "mean_rollout_depth": 2.0,
      "ftv_mc_mean_ml_mean": 27.26157061629836,
      "ftv_mc_mean_ml_se": 1.1486823240387352,
      "ftv_mc_std_ml_mean": 12.740770049301254,
      "ftv_mc_std_ml_se": 0.14764247479113501,
      "ftv_raw_width90_ml_mean": 23.401040399453112,
      "ftv_raw_width90_ml_se": 0.29739363396579294,
      "ftv_conformal_width90_ml_mean": 28.965351399636603,
      "ftv_conformal_width90_ml_se": 0.29738261972247254,
      "coverage90_ftv_raw_mean": 0.8509234828496042,
      "coverage90_ftv_raw_se": 0.01294499639056682,
      "coverage90_ftv_conformal_mean": 0.9010554089709762,
      "coverage90_ftv_conformal_se": 0.010852351158798469,
      "crps_ftv_mean": 4.775491513329362,
      "crps_ftv_se": 0.4105904283037136,
      "pcr_prob_mc_mean": 0.04896726583113457,
      "pcr_prob_mc_se": 0.0023222778788286455,
      "swd_mm_mc_mean_mean": 1.6924472790433185,
      "swd_mm_mc_mean_se": 0.0974506299624359,
      "chamfer_mm_mc_mean_mean": 4.23142654388694,
      "chamfer_mm_mc_mean_se": 0.08432711824607252,
      "dice_mc_mean_mean": 0.037430708431749046,
      "dice_mc_mean_se": 0.0006474700164252516,
      "ftv_abs_err_ml_mc_mean_mean": 9.275383600330048,
      "ftv_abs_err_ml_mc_mean_se": 0.422586589660446,
      "alive_count_abs_err_mc_mean_mean": 2.708154683377309,