{
  "metadata": {
    "model_family": "consistent_graph_scheduled_sampling_rollout",
    "runs_dir": "runs/edge_attr_meaning_breast/radial_bio_k8",
    "checkpoint_name": "best.pt",
    "graphs_root": "datasets/ispy2/graphs_consistent",
    "n_patients": 758,
    "n_rollout_records": 4548,
    "n_mc": 128,
    "metric_draws": 32,
    "start_visits": [
      "T0",
      "T1",
      "T2"
    ],
    "residual_stratify_by": "none",
    "eps_pcr": 0.1,
    "interval": 0.9,
    "seed": 20260513,
    "device": "cuda",
    "leakage_policy": "each patient scored with its held-out fold checkpoint; calibration residuals exclude target patient"
  },
  "n_rows": 4548,
  "n_patients": 758,
  "by_conditioning_visit": [
    {
      "start_visit": "T0",
      "predicted_visit": "T1",
      "n_patients": 758,
      "mean_rollout_depth": 1.0,
      "ftv_mc_mean_ml_mean": 25.0437997506328,
      "ftv_mc_mean_ml_se": 1.3098596121485917,
      "ftv_mc_std_ml_mean": 9.546571191366729,
      "ftv_mc_std_ml_se": 0.15380263787238266,
      "ftv_raw_width90_ml_mean": 16.68641320872935,
      "ftv_raw_width90_ml_se": 0.1639905355369282,
      "ftv_conformal_width90_ml_mean": 17.42687906450334,
      "ftv_conformal_width90_ml_se": 0.16391202944679453,
      "coverage90_ftv_raw_mean": 0.8944591029023746,
      "coverage90_ftv_raw_se": 0.011167158879226566,
      "coverage90_ftv_conformal_mean": 0.9010554089709762,
      "coverage90_ftv_conformal_se": 0.010852351158798469,
      "crps_ftv_mean": 3.587203165585723,
      "crps_ftv_se": 0.34240517041035023,
      "pcr_prob_mc_mean": 0.0619846635883905,
      "pcr_prob_mc_se": 0.002826824641954139,
      "swd_mm_mc_mean_mean": 1.1146930488888271,
      "swd_mm_mc_mean_se": 0.016528328840647158,
      "chamfer_mm_mc_mean_mean": 3.391844092110393,
      "chamfer_mm_mc_mean_se": 0.024873924152210333,
      "dice_mc_mean_mean": 0.05337601341702247,
      "dice_mc_mean_se": 0.0008362639222332129,
      "ftv_abs_err_ml_mc_mean_mean": 6.777599301984865,
      "ftv_abs_err_ml_mc_mean_se": 0.352429473605459,
      "alive_count_abs_err_mc_mean_mean": 0.7659135883905013,
      "alive_count_abs_err_mc_mean_se": 0.4688148792195939
    },
    {
      "start_visit": "T0",
      "predicted_visit": "T2",
      "n_patients": 758,
      "mean_rollout_depth": 2.0,
      "ftv_mc_mean_ml_mean": 26.124030930210605,
      "ftv_mc_mean_ml_se": 1.2803759200028384,
      "ftv_mc_std_ml_mean": 9.634963705154957,
      "ftv_mc_std_ml_se": 0.11285383230920659,
      "ftv_raw_width90_ml_mean": 19.843760234291917,
      "ftv_raw_width90_ml_se": 0.2102019367394283,
      "ftv_conformal_width90_ml_mean": 21.507406566224514,
      "ftv_conformal_width90_ml_se": 0.2101971148404204,
      "coverage90_ftv_raw_mean": 0.8839050131926122,
      "coverage90_ftv_raw_se": 0.011642911385438272,
      "coverage90_ftv_conformal_mean": 0.9010554089709762,
      "coverage90_ftv_conformal_se": 0.010852351158798469,
      "crps_ftv_mean": 3.9072158062035434,
      "crps_ftv_se": 0.3188151121284089,
      "pcr_prob_mc_mean": 0.05653240435356201,
      "pcr_prob_mc_se": 0.0024944412564154392,
      "swd_mm_mc_mean_mean": 1.1934305582135816,
      "swd_mm_mc_mean_se": 0.02907699142813207,
      "chamfer_mm_mc_mean_mean": 3.505610952922921,
      "chamfer_mm_mc_mean_se": 0.030603924925166812,
      "dice_mc_mean_mean": 0.04931015652458299,
      "dice_mc_mean_se": 0.0007752097817492249,
      "ftv_abs_err_ml_mc_mean_mean": 7.423358745353328,
      "ftv_abs_err_ml_mc_mean_se": 0.3372373643894182,
      "alive_count_abs_err_mc_mean_mean": 2.822971635883905,
      "alive_count_abs_err_mc_mean_se": 0.7908590766220823
    },
    {
      "start_visit": "T0",
      "predicted_visit": "T3",
      "n_patients": 758,
      "mean_rollout_depth": 3.0,
      "ftv_mc_mean_ml_mean": 26.442456787311055,
      "ftv_mc_mean_ml_se": 1.2056376161248228,
      "ftv_mc_std_ml_mean": 10.359735400320037,
      "ftv_mc_std_ml_se": 0.14293760236057462,
      "ftv_raw_width90_ml_mean": 20.05102569374956,
      "ftv_raw_width90_ml_se": 0.2393581990871104,
      "ftv_conformal_width90_ml_mean": 23.290838449816974,
      "ftv_conformal_width90_ml_se": 0.2393150916469289,
      "coverage90_ftv_raw_mean": 0.8720316622691293,
      "coverage90_ftv_raw_se": 0.012141419129569623,
      "coverage90_ftv_conformal_mean": 0.9010554089709762,
      "coverage90_ftv_conformal_se": 0.010852351158798469,
      "crps_ftv_mean": 3.951583008526116,
      "crps_ftv_se": 0.3433849687197533,
      "pcr_prob_mc_mean": 0.05031744722955145,
      "pcr_prob_mc_se": 0.0024096800100445793,
      "swd_mm_mc_mean_mean": 1.17658460539374,
      "swd_mm_mc_mean_se": 0.025645876230595475,
      "chamfer_mm_mc_mean_mean": 3.457235983089,
      "chamfer_mm_mc_mean_se": 0.029209787887540528,
      "dice_mc_mean_mean": 0.052270399828367155,
      "dice_mc_mean_se": 0.0007764406323177469,
      "ftv_abs_err_ml_mc_mean_mean": 7.623717690080556,
      "ftv_abs_err_ml_mc_mean_se": 0.35428575498303466,
      "alive_count_abs_err_mc_mean_mean": 2.657115765171504,
      "alive_count_abs_err_mc_mean_se": 0.7433801387607994
    },
    {
      "start_visit": "T1",
      "predicted_visit": "T2",
      "n_patients": 758,
      "mean_rollout_depth": 1.0,
      "ftv_mc_mean_ml_mean": 26.26146530820277,
      "ftv_mc_mean_ml_se": 1.391977834133692,
      "ftv_mc_std_ml_mean": 7.9654246050760875,
      "ftv_mc_std_ml_se": 0.09750814239160573,
      "ftv_raw_width90_ml_mean": 18.712665657308683,
      "ftv_raw_width90_ml_se": 0.17151974239150505,
      "ftv_conformal_width90_ml_mean": 21.615294816677835,
      "ftv_conformal_width90_ml_se": 0.17125235667342983,
      "coverage90_ftv_raw_mean": 0.8773087071240105,
      "coverage90_ftv_raw_se": 0.011924361990825888,
      "coverage90_ftv_conformal_mean": 0.9010554089709762,
      "coverage90_ftv_conformal_se": 0.010852351158798469,
      "crps_ftv_mean": 3.6582669599919786,
      "crps_ftv_se": 0.2733730860791196,
      "pcr_prob_mc_mean": 0.053162104221635885,
      "pcr_prob_mc_se": 0.00235173676612837,
      "swd_mm_mc_mean_mean": 1.5428289888143782,
      "swd_mm_mc_mean_se": 0.09168486714172029,
      "chamfer_mm_mc_mean_mean": 3.958057652674887,
      "chamfer_mm_mc_mean_se": 0.07785004673226542,
      "dice_mc_mean_mean": 0.045132130666854536,
      "dice_mc_mean_se": 0.0007459499774869842,
      "ftv_abs_err_ml_mc_mean_mean": 6.827653606139033,
      "ftv_abs_err_ml_mc_mean_se": 0.2836437658382042,
      "alive_count_abs_err_mc_mean_mean": 2.7107519788918206,
      "alive_count_abs_err_mc_mean_se": 0.7901013450452611
    },
    {
      "start_visit": "T1",
      "predicted_visit": "T3",
      "n_patients": 758,
      "mean_rollout_depth": 2.0,
      "ftv_mc_mean_ml_mean": 26.730308233982583,
      "ftv_mc_mean_ml_se": 1.3060887505192402,
      "ftv_mc_std_ml_mean": 9.793325269534687,
      "ftv_mc_std_ml_se": 0.1136197072480017,
      "ftv_raw_width90_ml_mean": 20.960094924188756,
      "ftv_raw_width90_ml_se": 0.2531229427893007,
      "ftv_conformal_width90_ml_mean": 24.145759655485897,
      "ftv_conformal_width90_ml_se": 0.2531343062377397,
      "coverage90_ftv_raw_mean": 0.8707124010554089,
      "coverage90_ftv_raw_se": 0.01219460844677096,
      "coverage90_ftv_conformal_mean": 0.9010554089709762,
      "coverage90_ftv_conformal_se": 0.010852351158798469,
      "crps_ftv_mean": 4.131161060035203,
      "crps_ftv_se": 0.3306322185878575,
      "pcr_prob_mc_mean": 0.05327547823218998,
      "pcr_prob_mc_se": 0.002391055224105056,
      "swd_mm_mc_mean_mean": 1.5636356322419036,
      "swd_mm_mc_mean_se": 0.0897663752555995,
      "chamfer_mm_mc_mean_mean": 3.9739200828724264,
      "chamfer_mm_mc_mean_se": 0.07367252714996442,
      "dice_mc_mean_mean": 0.045172825680259085,
      "dice_mc_mean_se": 0.0007138385345334047,
      "ftv_abs_err_ml_mc_mean_mean": 7.849805217981728,
      "ftv_abs_err_ml_mc_mean_se": 0.3474713181447132,
      "alive_count_abs_err_mc_mean_mean": 2.683542216358839,