{
  "metadata": {
    "model_family": "consistent_graph_scheduled_sampling_rollout",
    "runs_dir": "runs/edge_meaning_synthetic_spatial_field/radial_k8",
    "checkpoint_name": "best.pt",
    "graphs_root": "datasets/synthetic_ftv_graphs_spatial_field/graphs",
    "n_patients": 240,
    "n_rollout_records": 1440,
    "n_mc": 128,
    "metric_draws": 32,
    "start_visits": [
      "T0",
      "T1",
      "T2"
    ],
    "residual_stratify_by": "none",
    "eps_pcr": 0.1,
    "interval": 0.9,
    "seed": 20260513,
    "device": "cuda",
    "leakage_policy": "each patient scored with its held-out fold checkpoint; calibration residuals exclude target patient"
  },
  "n_rows": 1440,
  "n_patients": 240,
  "by_conditioning_visit": [
    {
      "start_visit": "T0",
      "predicted_visit": "T1",
      "n_patients": 240,
      "mean_rollout_depth": 1.0,
      "ftv_mc_mean_ml_mean": 29.86388477380485,
      "ftv_mc_mean_ml_se": 1.9711823646575501,
      "ftv_mc_std_ml_mean": 8.981272044322061,
      "ftv_mc_std_ml_se": 0.13548208062365455,
      "ftv_raw_width90_ml_mean": 27.796418177074543,
      "ftv_raw_width90_ml_se": 0.43906849582474006,
      "ftv_conformal_width90_ml_mean": 27.796418177074543,
      "ftv_conformal_width90_ml_se": 0.43906849582474006,
      "coverage90_ftv_raw_mean": 0.9083333333333333,
      "coverage90_ftv_raw_se": 0.018665060201843636,
      "coverage90_ftv_conformal_mean": 0.9083333333333333,
      "coverage90_ftv_conformal_se": 0.018665060201843636,
      "crps_ftv_mean": 4.33547362375374,
      "crps_ftv_se": 0.37678874292954967,
      "pcr_prob_mc_mean": 0.06015625,
      "pcr_prob_mc_se": 0.004889797348936667,
      "swd_mm_mc_mean_mean": 0.6835245987499872,
      "swd_mm_mc_mean_se": 0.01079413433725229,
      "chamfer_mm_mc_mean_mean": 1.9800621349804388,
      "chamfer_mm_mc_mean_se": 0.018071670936411162,
      "dice_mc_mean_mean": 0.19343835843789597,
      "dice_mc_mean_se": 0.003382994281447225,
      "ftv_abs_err_ml_mc_mean_mean": 8.9583626232997,
      "ftv_abs_err_ml_mc_mean_se": 0.4168380742119186,
      "alive_count_abs_err_mc_mean_mean": 4.263020833333333,
      "alive_count_abs_err_mc_mean_se": 0.14142638426891407
    },
    {
      "start_visit": "T0",
      "predicted_visit": "T2",
      "n_patients": 240,
      "mean_rollout_depth": 2.0,
      "ftv_mc_mean_ml_mean": 30.782966793311743,
      "ftv_mc_mean_ml_se": 2.3380941545948897,
      "ftv_mc_std_ml_mean": 19.116861641487812,
      "ftv_mc_std_ml_se": 0.46949071021403627,
      "ftv_raw_width90_ml_mean": 53.22305558165688,
      "ftv_raw_width90_ml_se": 1.7187110319926453,
      "ftv_conformal_width90_ml_mean": 53.22305558165688,
      "ftv_conformal_width90_ml_se": 1.7187110319926453,
      "coverage90_ftv_raw_mean": 0.9333333333333333,
      "coverage90_ftv_raw_se": 0.016135179764551824,
      "coverage90_ftv_conformal_mean": 0.9333333333333333,
      "coverage90_ftv_conformal_se": 0.016135179764551824,
      "crps_ftv_mean": 8.94478714332656,
      "crps_ftv_se": 0.8674539111145586,
      "pcr_prob_mc_mean": 0.15745442708333332,
      "pcr_prob_mc_se": 0.006844263726096606,
      "swd_mm_mc_mean_mean": 1.028320732694464,
      "swd_mm_mc_mean_se": 0.021100721855932057,
      "chamfer_mm_mc_mean_mean": 2.516213937354944,
      "chamfer_mm_mc_mean_se": 0.03031524854624628,
      "dice_mc_mean_mean": 0.13105824519580397,
      "dice_mc_mean_se": 0.003193804297253282,
      "ftv_abs_err_ml_mc_mean_mean": 18.30683218235786,
      "ftv_abs_err_ml_mc_mean_se": 1.0843453930457647,
      "alive_count_abs_err_mc_mean_mean": 9.87109375,
      "alive_count_abs_err_mc_mean_se": 0.3102908054240598
    },
    {
      "start_visit": "T0",
      "predicted_visit": "T3",
      "n_patients": 240,
      "mean_rollout_depth": 3.0,
      "ftv_mc_mean_ml_mean": 35.767911855047274,
      "ftv_mc_mean_ml_se": 2.9831317743930814,
      "ftv_mc_std_ml_mean": 36.61275722251456,
      "ftv_mc_std_ml_se": 1.0001291917709243,
      "ftv_raw_width90_ml_mean": 86.87691410212591,
      "ftv_raw_width90_ml_se": 3.642060952571023,
      "ftv_conformal_width90_ml_mean": 86.87691410212591,
      "ftv_conformal_width90_ml_se": 3.642060952571023,
      "coverage90_ftv_raw_mean": 0.9541666666666667,
      "coverage90_ftv_raw_se": 0.013527074801049014,
      "coverage90_ftv_conformal_mean": 0.9541666666666667,
      "coverage90_ftv_conformal_se": 0.013527074801049014,
      "crps_ftv_mean": 14.536489053329042,
      "crps_ftv_se": 1.7357037126422268,
      "pcr_prob_mc_mean": 0.24459635416666667,
      "pcr_prob_mc_se": 0.007684870976461395,
      "swd_mm_mc_mean_mean": 1.3792352510190398,
      "swd_mm_mc_mean_se": 0.030861550613480282,
      "chamfer_mm_mc_mean_mean": 2.874684824805134,
      "chamfer_mm_mc_mean_se": 0.039807562844609394,
      "dice_mc_mean_mean": 0.10202533491978308,
      "dice_mc_mean_se": 0.0033225921180407036,
      "ftv_abs_err_ml_mc_mean_mean": 29.931505425267563,
      "ftv_abs_err_ml_mc_mean_se": 2.159150313850737,
      "alive_count_abs_err_mc_mean_mean": 16.109375,
      "alive_count_abs_err_mc_mean_se": 0.4772319966633583
    },
    {
      "start_visit": "T1",
      "predicted_visit": "T2",
      "n_patients": 240,
      "mean_rollout_depth": 1.0,
      "ftv_mc_mean_ml_mean": 28.697675095271794,
      "ftv_mc_mean_ml_se": 2.553747128987458,
      "ftv_mc_std_ml_mean": 8.478052133728854,
      "ftv_mc_std_ml_se": 0.20125716318842612,
      "ftv_raw_width90_ml_mean": 24.90473115348477,
      "ftv_raw_width90_ml_se": 0.7268695269165819,
      "ftv_conformal_width90_ml_mean": 24.90473115348477,
      "ftv_conformal_width90_ml_se": 0.7268695269165819,
      "coverage90_ftv_raw_mean": 0.9333333333333333,
      "coverage90_ftv_raw_se": 0.016135179764551824,
      "coverage90_ftv_conformal_mean": 0.9333333333333333,
      "coverage90_ftv_conformal_se": 0.016135179764551824,
      "crps_ftv_mean": 3.4664044375462657,
      "crps_ftv_se": 0.35280549874861694,
      "pcr_prob_mc_mean": 0.05231119791666667,
      "pcr_prob_mc_se": 0.003868035133372813,
      "swd_mm_mc_mean_mean": 0.8272324049118158,
      "swd_mm_mc_mean_se": 0.011617289251899374,
      "chamfer_mm_mc_mean_mean": 2.373382640182235,
      "chamfer_mm_mc_mean_se": 0.02328972319413719,
      "dice_mc_mean_mean": 0.13956718786962133,
      "dice_mc_mean_se": 0.003312421265142079,
      "ftv_abs_err_ml_mc_mean_mean": 7.540463668993089,
      "ftv_abs_err_ml_mc_mean_se": 0.4365384464159195,
      "alive_count_abs_err_mc_mean_mean": 5.532682291666666,
      "alive_count_abs_err_mc_mean_se": 0.19665661521680192
    },
    {
      "start_visit": "T1",
      "predicted_visit": "T3",
      "n_patients": 240,
      "mean_rollout_depth": 2.0,
      "ftv_mc_mean_ml_mean": 31.422981238248024,
      "ftv_mc_mean_ml_se": 3.380731664954979,
      "ftv_mc_std_ml_mean": 21.067803394861805,
      "ftv_mc_std_ml_se": 0.5262641883998704,
      "ftv_raw_width90_ml_mean": 48.12253373717684,
      "ftv_raw_width90_ml_se": 1.919461676089819,
      "ftv_conformal_width90_ml_mean": 48.12253373717684,
      "ftv_conformal_width90_ml_se": 1.919461676089819,
      "coverage90_ftv_raw_mean": 0.9375,
      "coverage90_ftv_raw_se": 0.015657654163099062,
      "coverage90_ftv_conformal_mean": 0.9375,
      "coverage90_ftv_conformal_se": 0.015657654163099062,
      "crps_ftv_mean": 7.747753905632923,
      "crps_ftv_se": 1.0891121058179762,
      "pcr_prob_mc_mean": 0.14306640625,
      "pcr_prob_mc_se": 0.0071548603706193025,
      "swd_mm_mc_mean_mean": 1.0824532901904032,
      "swd_mm_mc_mean_se": 0.019060428488350663,
      "chamfer_mm_mc_mean_mean": 2.6494896469651366,
      "chamfer_mm_mc_mean_se": 0.03133248278525602,
      "dice_mc_mean_mean": 0.1171427789031234,
      "dice_mc_mean_se": 0.003468404265071345,
      "ftv_abs_err_ml_mc_mean_mean": 16.21693575228715,
      "ftv_abs_err_ml_mc_mean_se": 1.256633354113993,
      "alive_count_abs_err_mc_mean_mean": 9.659895833333334,