{
  "metadata": {
    "model_family": "consistent_graph_scheduled_sampling_rollout",
    "runs_dir": "runs/edge_attr_meaning_breast/hybrid_a75_bio_k8",
    "checkpoint_name": "best.pt",
    "graphs_root": "datasets/ispy2/graphs_consistent",
    "n_patients": 758,
    "n_rollout_records": 4548,
    "n_mc": 128,
    "metric_draws": 32,
    "start_visits": [
      "T0",
      "T1",
      "T2"
    ],
    "residual_stratify_by": "none",
    "eps_pcr": 0.1,
    "interval": 0.9,
    "seed": 20260513,
    "device": "cuda",
    "leakage_policy": "each patient scored with its held-out fold checkpoint; calibration residuals exclude target patient"
  },
  "n_rows": 4548,
  "n_patients": 758,
  "by_conditioning_visit": [
    {
      "start_visit": "T0",
      "predicted_visit": "T1",
      "n_patients": 758,
      "mean_rollout_depth": 1.0,
      "ftv_mc_mean_ml_mean": 25.354515336259297,
      "ftv_mc_mean_ml_se": 1.310493966765657,
      "ftv_mc_std_ml_mean": 9.654965123161979,
      "ftv_mc_std_ml_se": 0.151380514974753,
      "ftv_raw_width90_ml_mean": 16.98794828231633,
      "ftv_raw_width90_ml_se": 0.15584225685161138,
      "ftv_conformal_width90_ml_mean": 18.963855858280912,
      "ftv_conformal_width90_ml_se": 0.15574031651495399,
      "coverage90_ftv_raw_mean": 0.8773087071240105,
      "coverage90_ftv_raw_se": 0.011924361990825888,
      "coverage90_ftv_conformal_mean": 0.9010554089709762,
      "coverage90_ftv_conformal_se": 0.010852351158798469,
      "crps_ftv_mean": 3.590436448905966,
      "crps_ftv_se": 0.3348064684759907,
      "pcr_prob_mc_mean": 0.05503792875989446,
      "pcr_prob_mc_se": 0.002633093300535345,
      "swd_mm_mc_mean_mean": 1.103474021778132,
      "swd_mm_mc_mean_se": 0.016421781574067942,
      "chamfer_mm_mc_mean_mean": 3.374084193416302,
      "chamfer_mm_mc_mean_se": 0.024853853944095644,
      "dice_mc_mean_mean": 0.054151723378260845,
      "dice_mc_mean_se": 0.0008332170706862131,
      "ftv_abs_err_ml_mc_mean_mean": 6.93679033192421,
      "ftv_abs_err_ml_mc_mean_se": 0.3480669188522078,
      "alive_count_abs_err_mc_mean_mean": 0.7793535620052771,
      "alive_count_abs_err_mc_mean_se": 0.46901446966761745
    },
    {
      "start_visit": "T0",
      "predicted_visit": "T2",
      "n_patients": 758,
      "mean_rollout_depth": 2.0,
      "ftv_mc_mean_ml_mean": 26.000805842225976,
      "ftv_mc_mean_ml_se": 1.2437557893199012,
      "ftv_mc_std_ml_mean": 10.478692668757503,
      "ftv_mc_std_ml_se": 0.1320665695023229,
      "ftv_raw_width90_ml_mean": 19.249175847569937,
      "ftv_raw_width90_ml_se": 0.22130482515927455,
      "ftv_conformal_width90_ml_mean": 21.947270789637393,
      "ftv_conformal_width90_ml_se": 0.22117750224123034,
      "coverage90_ftv_raw_mean": 0.8746701846965699,
      "coverage90_ftv_raw_se": 0.012033762098788913,
      "coverage90_ftv_conformal_mean": 0.9010554089709762,
      "coverage90_ftv_conformal_se": 0.010852351158798469,
      "crps_ftv_mean": 4.095973692207654,
      "crps_ftv_se": 0.3581573081399757,
      "pcr_prob_mc_mean": 0.06218049142480211,
      "pcr_prob_mc_se": 0.0027779562042040684,
      "swd_mm_mc_mean_mean": 1.2023425823400702,
      "swd_mm_mc_mean_se": 0.028916809534614826,
      "chamfer_mm_mc_mean_mean": 3.5107568671906857,
      "chamfer_mm_mc_mean_se": 0.03037684323873556,
      "dice_mc_mean_mean": 0.048608196769937266,
      "dice_mc_mean_se": 0.000759338043051447,
      "ftv_abs_err_ml_mc_mean_mean": 7.7696094988768385,
      "ftv_abs_err_ml_mc_mean_se": 0.3699151465236809,
      "alive_count_abs_err_mc_mean_mean": 2.6847790237467017,
      "alive_count_abs_err_mc_mean_se": 0.7820602178005892
    },
    {
      "start_visit": "T0",
      "predicted_visit": "T3",
      "n_patients": 758,
      "mean_rollout_depth": 3.0,
      "ftv_mc_mean_ml_mean": 26.622007632512457,
      "ftv_mc_mean_ml_se": 1.168895372173055,
      "ftv_mc_std_ml_mean": 11.294837250287713,
      "ftv_mc_std_ml_se": 0.16156324529014915,
      "ftv_raw_width90_ml_mean": 19.656287096123535,
      "ftv_raw_width90_ml_se": 0.25863927535229575,
      "ftv_conformal_width90_ml_mean": 22.997578835683214,
      "ftv_conformal_width90_ml_se": 0.25860727526988625,
      "coverage90_ftv_raw_mean": 0.8680738786279684,
      "coverage90_ftv_raw_se": 0.012299736326488503,
      "coverage90_ftv_conformal_mean": 0.9010554089709762,
      "coverage90_ftv_conformal_se": 0.010852351158798469,
      "crps_ftv_mean": 4.09920485740847,
      "crps_ftv_se": 0.38138936639893495,
      "pcr_prob_mc_mean": 0.04607107519788918,
      "pcr_prob_mc_se": 0.002300264224287041,
      "swd_mm_mc_mean_mean": 1.1757560231087594,
      "swd_mm_mc_mean_se": 0.02560024584889668,
      "chamfer_mm_mc_mean_mean": 3.452225434552778,
      "chamfer_mm_mc_mean_se": 0.029290786659991453,
      "dice_mc_mean_mean": 0.05269030261515128,
      "dice_mc_mean_se": 0.0007925261006547408,
      "ftv_abs_err_ml_mc_mean_mean": 7.8380388031156745,
      "ftv_abs_err_ml_mc_mean_se": 0.39167299232293884,
      "alive_count_abs_err_mc_mean_mean": 2.671668865435356,
      "alive_count_abs_err_mc_mean_se": 0.7451155858265653
    },
    {
      "start_visit": "T1",
      "predicted_visit": "T2",
      "n_patients": 758,
      "mean_rollout_depth": 1.0,
      "ftv_mc_mean_ml_mean": 26.073436688635947,
      "ftv_mc_mean_ml_se": 1.3779053866515545,
      "ftv_mc_std_ml_mean": 8.101591485735717,
      "ftv_mc_std_ml_se": 0.10099482397407099,
      "ftv_raw_width90_ml_mean": 18.02041204716185,
      "ftv_raw_width90_ml_se": 0.18329376762840863,
      "ftv_conformal_width90_ml_mean": 20.900734620746952,
      "ftv_conformal_width90_ml_se": 0.18317578660783623,
      "coverage90_ftv_raw_mean": 0.8799472295514512,
      "coverage90_ftv_raw_se": 0.011813170378602555,
      "coverage90_ftv_conformal_mean": 0.9010554089709762,
      "coverage90_ftv_conformal_se": 0.010852351158798469,
      "crps_ftv_mean": 3.6734330989404396,
      "crps_ftv_se": 0.29454532254345855,
      "pcr_prob_mc_mean": 0.05802687994722955,
      "pcr_prob_mc_se": 0.0025279627835035037,
      "swd_mm_mc_mean_mean": 1.445634602782498,
      "swd_mm_mc_mean_se": 0.09773453620421657,
      "chamfer_mm_mc_mean_mean": 3.7648991707803683,
      "chamfer_mm_mc_mean_se": 0.08076315142501868,
      "dice_mc_mean_mean": 0.049945918102074466,
      "dice_mc_mean_se": 0.000780801805018369,
      "ftv_abs_err_ml_mc_mean_mean": 6.866970001754575,
      "ftv_abs_err_ml_mc_mean_se": 0.308353865924373,
      "alive_count_abs_err_mc_mean_mean": 2.852160290237467,
      "alive_count_abs_err_mc_mean_se": 0.7888894476120276
    },
    {
      "start_visit": "T1",
      "predicted_visit": "T3",
      "n_patients": 758,
      "mean_rollout_depth": 2.0,
      "ftv_mc_mean_ml_mean": 26.835833553153503,
      "ftv_mc_mean_ml_se": 1.282784133645621,
      "ftv_mc_std_ml_mean": 10.408283801332606,
      "ftv_mc_std_ml_se": 0.13539525034410124,
      "ftv_raw_width90_ml_mean": 19.969671761034547,
      "ftv_raw_width90_ml_se": 0.24556764137430118,
      "ftv_conformal_width90_ml_mean": 24.865967070214616,
      "ftv_conformal_width90_ml_se": 0.24541441954550902,
      "coverage90_ftv_raw_mean": 0.8680738786279684,
      "coverage90_ftv_raw_se": 0.012299736326488503,
      "coverage90_ftv_conformal_mean": 0.9010554089709762,
      "coverage90_ftv_conformal_se": 0.010852351158798469,
      "crps_ftv_mean": 4.179487355912,
      "crps_ftv_se": 0.3580101626784159,
      "pcr_prob_mc_mean": 0.05193560356200528,
      "pcr_prob_mc_se": 0.0023637339051286155,
      "swd_mm_mc_mean_mean": 1.4665396609464034,
      "swd_mm_mc_mean_se": 0.09165863651460787,
      "chamfer_mm_mc_mean_mean": 3.770786233064802,
      "chamfer_mm_mc_mean_se": 0.07647900355615829,
      "dice_mc_mean_mean": 0.05009844821767623,
      "dice_mc_mean_se": 0.0007523629957536474,
      "ftv_abs_err_ml_mc_mean_mean": 7.886043790634727,
      "ftv_abs_err_ml_mc_mean_se": 0.37248566707913955,