{
  "metadata": {
    "model_family": "consistent_graph_scheduled_sampling_rollout",
    "runs_dir": "runs/consistent_forecaster_v2/v2_sched_samp",
    "checkpoint_name": "best.pt",
    "graphs_root": "datasets/ispy2/graphs_consistent",
    "n_patients": 758,
    "n_rollout_records": 4548,
    "n_mc": 256,
    "metric_draws": 0,
    "start_visits": [
      "T0",
      "T1",
      "T2"
    ],
    "eps_pcr": 0.1,
    "interval": 0.9,
    "seed": 42,
    "device": "cuda",
    "leakage_policy": "each patient scored with its held-out fold checkpoint; calibration residuals exclude target patient"
  },
  "n_rows": 4548,
  "n_patients": 758,
  "by_conditioning_visit": [
    {
      "start_visit": "T0",
      "predicted_visit": "T1",
      "n_patients": 758,
      "mean_rollout_depth": 1.0,
      "ftv_mc_mean_ml_mean": 30.2568761043697,
      "ftv_mc_mean_ml_se": 0.8741759266743662,
      "ftv_mc_std_ml_mean": 24.705480713920817,
      "ftv_mc_std_ml_se": 0.23575296848992666,
      "ftv_raw_width90_ml_mean": 52.20193643999294,
      "ftv_raw_width90_ml_se": 0.5483617498108343,
      "ftv_conformal_width90_ml_mean": 54.09730780388797,
      "ftv_conformal_width90_ml_se": 0.5483465775134281,
      "coverage90_ftv_raw_mean": 0.7519788918205804,
      "coverage90_ftv_raw_se": 0.01569636926258975,
      "coverage90_ftv_conformal_mean": 0.9010554089709762,
      "coverage90_ftv_conformal_se": 0.010852351158798469,
      "crps_ftv_mean": 7.060685409351014,
      "crps_ftv_se": 0.5213312985055369,
      "pcr_prob_mc_mean": 0.0028858839050131925,
      "pcr_prob_mc_se": 0.00015575481944563922,
      "swd_mm_mc_mean_mean": 1.2899862448437651,
      "swd_mm_mc_mean_se": 0.016273794378966328,
      "chamfer_mm_mc_mean_mean": 3.6143617291078143,
      "chamfer_mm_mc_mean_se": 0.026552582056005875,
      "dice_mc_mean_mean": 0.04688879648081171,
      "dice_mc_mean_se": 0.00072612099265371,
      "ftv_abs_err_ml_mc_mean_mean": 16.35603448714001,
      "ftv_abs_err_ml_mc_mean_se": 0.5836901231519158,
      "alive_count_abs_err_mc_mean_mean": 38.5219327176781,
      "alive_count_abs_err_mc_mean_se": 1.9721270727313052
    },
    {
      "start_visit": "T0",
      "predicted_visit": "T2",
      "n_patients": 758,
      "mean_rollout_depth": 2.0,
      "ftv_mc_mean_ml_mean": 31.304312121049588,
      "ftv_mc_mean_ml_se": 0.7537837479566694,
      "ftv_mc_std_ml_mean": 26.79368177512216,
      "ftv_mc_std_ml_se": 0.2276235944114604,
      "ftv_raw_width90_ml_mean": 55.57601011387858,
      "ftv_raw_width90_ml_se": 0.5570631789156082,
      "ftv_conformal_width90_ml_mean": 57.558116273044256,
      "ftv_conformal_width90_ml_se": 0.5570164572279148,
      "coverage90_ftv_raw_mean": 0.7928759894459103,
      "coverage90_ftv_raw_se": 0.014728886543765852,
      "coverage90_ftv_conformal_mean": 0.9010554089709762,
      "coverage90_ftv_conformal_se": 0.010852351158798469,
      "crps_ftv_mean": 7.798260866197799,
      "crps_ftv_se": 0.5741588666502146,
      "pcr_prob_mc_mean": 0.006060356200527704,
      "pcr_prob_mc_se": 0.0002612956383489494,
      "swd_mm_mc_mean_mean": 1.3375182588117074,
      "swd_mm_mc_mean_se": 0.028840412537588973,
      "chamfer_mm_mc_mean_mean": 3.6960020699357847,
      "chamfer_mm_mc_mean_se": 0.032041679708464804,
      "dice_mc_mean_mean": 0.04482863985646375,
      "dice_mc_mean_se": 0.0007123924235962313,
      "ftv_abs_err_ml_mc_mean_mean": 17.89237522559996,
      "ftv_abs_err_ml_mc_mean_se": 0.6338198546254323,
      "alive_count_abs_err_mc_mean_mean": 40.03779477242744,
      "alive_count_abs_err_mc_mean_se": 2.042270478088993
    },
    {
      "start_visit": "T0",
      "predicted_visit": "T3",
      "n_patients": 758,
      "mean_rollout_depth": 3.0,
      "ftv_mc_mean_ml_mean": 31.297642261937842,
      "ftv_mc_mean_ml_se": 0.6788495790301003,
      "ftv_mc_std_ml_mean": 27.555684882456333,
      "ftv_mc_std_ml_se": 0.21203442536075048,
      "ftv_raw_width90_ml_mean": 56.87184068818678,
      "ftv_raw_width90_ml_se": 0.5922899711340897,
      "ftv_conformal_width90_ml_mean": 59.51459803718567,
      "ftv_conformal_width90_ml_se": 0.592286200971697,
      "coverage90_ftv_raw_mean": 0.7664907651715039,
      "coverage90_ftv_raw_se": 0.015376502174613704,
      "coverage90_ftv_conformal_mean": 0.9010554089709762,
      "coverage90_ftv_conformal_se": 0.010852351158798469,
      "crps_ftv_mean": 8.354038658331318,
      "crps_ftv_se": 0.6227147546003119,
      "pcr_prob_mc_mean": 0.008420596965699209,
      "pcr_prob_mc_se": 0.00029952029595062285,
      "swd_mm_mc_mean_mean": 1.320410896602223,
      "swd_mm_mc_mean_se": 0.02520474446724096,
      "chamfer_mm_mc_mean_mean": 3.6561073841503404,
      "chamfer_mm_mc_mean_se": 0.031320476958680836,
      "dice_mc_mean_mean": 0.04737038733276247,
      "dice_mc_mean_se": 0.0007315304163109688,
      "ftv_abs_err_ml_mc_mean_mean": 18.8090106050642,
      "ftv_abs_err_ml_mc_mean_se": 0.671836889912225,
      "alive_count_abs_err_mc_mean_mean": 40.783022757255935,
      "alive_count_abs_err_mc_mean_se": 2.080007944894934
    },
    {
      "start_visit": "T1",
      "predicted_visit": "T2",
      "n_patients": 758,
      "mean_rollout_depth": 1.0,
      "ftv_mc_mean_ml_mean": 31.608165426357136,
      "ftv_mc_mean_ml_se": 0.9108365554213781,
      "ftv_mc_std_ml_mean": 24.027402588880722,
      "ftv_mc_std_ml_se": 0.19795577629612493,
      "ftv_raw_width90_ml_mean": 54.211037549383455,
      "ftv_raw_width90_ml_se": 0.5816531082183365,
      "ftv_conformal_width90_ml_mean": 56.249018947903664,
      "ftv_conformal_width90_ml_se": 0.5816327178908695,
      "coverage90_ftv_raw_mean": 0.7928759894459103,
      "coverage90_ftv_raw_se": 0.014728886543765854,
      "coverage90_ftv_conformal_mean": 0.9010554089709762,
      "coverage90_ftv_conformal_se": 0.010852351158798469,
      "crps_ftv_mean": 7.277693140211576,
      "crps_ftv_se": 0.42699129358217996,
      "pcr_prob_mc_mean": 0.007116795844327177,
      "pcr_prob_mc_se": 0.0002644047112220573,
      "swd_mm_mc_mean_mean": 1.7677373957163895,
      "swd_mm_mc_mean_se": 0.0947320177228731,
      "chamfer_mm_mc_mean_mean": 4.3372218933034254,
      "chamfer_mm_mc_mean_se": 0.07783926008679298,
      "dice_mc_mean_mean": 0.03634705741148686,
      "dice_mc_mean_se": 0.0006349968267748251,
      "ftv_abs_err_ml_mc_mean_mean": 17.018215520229155,
      "ftv_abs_err_ml_mc_mean_se": 0.49390174180559765,
      "alive_count_abs_err_mc_mean_mean": 40.41468605705805,
      "alive_count_abs_err_mc_mean_se": 2.093718629932824
    },
    {
      "start_visit": "T1",
      "predicted_visit": "T3",
      "n_patients": 758,
      "mean_rollout_depth": 2.0,
      "ftv_mc_mean_ml_mean": 31.8460067637001,
      "ftv_mc_mean_ml_se": 0.7729525733470413,
      "ftv_mc_std_ml_mean": 26.383024516482696,
      "ftv_mc_std_ml_se": 0.20630117856323713,
      "ftv_raw_width90_ml_mean": 57.93882615620298,
      "ftv_raw_width90_ml_se": 0.5922314454533245,
      "ftv_conformal_width90_ml_mean": 60.14370894480905,
      "ftv_conformal_width90_ml_se": 0.5922199346579523,
      "coverage90_ftv_raw_mean": 0.7638522427440633,
      "coverage90_ftv_raw_se": 0.015436493414262531,
      "coverage90_ftv_conformal_mean": 0.9010554089709762,
      "coverage90_ftv_conformal_se": 0.010852351158798469,
      "crps_ftv_mean": 8.098104932427637,
      "crps_ftv_se": 0.5247594234391553,
      "pcr_prob_mc_mean": 0.008523664248021107,
      "pcr_prob_mc_se": 0.00029537409209984955,
      "swd_mm_mc_mean_mean": 1.8138833046639056,
      "swd_mm_mc_mean_se": 0.09468281802720731,
      "chamfer_mm_mc_mean_mean": 4.421017345552866,
      "chamfer_mm_mc_mean_se": 0.07845192766195076,
      "dice_mc_mean_mean": 0.03409189682102142,
      "dice_mc_mean_se": 0.000574842842499332,
      "ftv_abs_err_ml_mc_mean_mean": 18.562995681252445,
      "ftv_abs_err_ml_mc_mean_se": 0.5838193951307185,
      "alive_count_abs_err_mc_mean_mean": 41.311474480540895,