{
  "metadata": {
    "model_family": "consistent_graph_scheduled_sampling_rollout",
    "runs_dir": "runs/consistent_forecaster_v2/v2_sched_samp",
    "checkpoint_name": "best.pt",
    "graphs_root": "datasets/ispy2/graphs_consistent",
    "n_patients": 758,
    "n_rollout_records": 4548,
    "n_mc": 256,
    "metric_draws": 0,
    "start_visits": [
      "T0",
      "T1",
      "T2"
    ],
    "eps_pcr": 0.1,
    "interval": 0.9,
    "seed": 42,
    "device": "cuda",
    "leakage_policy": "each patient scored with its held-out fold checkpoint; calibration residuals exclude target patient"
  },
  "residual_buckets": [
    {
      "start_visit": "T0",
      "predicted_visit": "T1",
      "n_records": 758,
      "n_unique_patients": 758,
      "n_local_disp_residuals": 121189,
      "n_log_volume_residuals": 121189,
      "ftv_resid_mean_ml": 11.701869539436386,
      "ftv_resid_std_ml": 23.545006781877248,
      "alive_count_resid_mean": 76.48435221059277,
      "alive_count_resid_std": 73.81490958837813,
      "raw_coverage90_ftv": 0.7519788918205804,
      "conformal_coverage90_ftv": 0.9010554089709762,
      "mean_conformal_q_ml": 0.9476856819475131,
      "mean_crps_ftv": 7.060685409351014
    },
    {
      "start_visit": "T0",
      "predicted_visit": "T2",
      "n_records": 758,
      "n_unique_patients": 758,
      "n_local_disp_residuals": 120227,
      "n_log_volume_residuals": 120227,
      "ftv_resid_mean_ml": 12.583224573610385,
      "ftv_resid_std_ml": 25.30223424630462,
      "alive_count_resid_mean": 77.0584967020791,
      "alive_count_resid_std": 75.94386110722704,
      "raw_coverage90_ftv": 0.7928759894459103,
      "conformal_coverage90_ftv": 0.9010554089709762,
      "mean_conformal_q_ml": 0.9910530795828377,
      "mean_crps_ftv": 7.798260866197799
    },
    {
      "start_visit": "T0",
      "predicted_visit": "T3",
      "n_records": 758,
      "n_unique_patients": 758,
      "n_local_disp_residuals": 120303,
      "n_log_volume_residuals": 120303,
      "ftv_resid_mean_ml": 12.506295442557057,
      "ftv_resid_std_ml": 26.101439178409827,
      "alive_count_resid_mean": 77.53433911691083,
      "alive_count_resid_std": 77.40905697696421,
      "raw_coverage90_ftv": 0.7664907651715039,
      "conformal_coverage90_ftv": 0.9010554089709762,
      "mean_conformal_q_ml": 1.3213786744994476,
      "mean_crps_ftv": 8.354038658331318
    },
    {
      "start_visit": "T1",
      "predicted_visit": "T2",
      "n_records": 758,
      "n_unique_patients": 758,
      "n_local_disp_residuals": 120227,
      "n_log_volume_residuals": 120227,
      "ftv_resid_mean_ml": 12.564139469516348,
      "ftv_resid_std_ml": 22.293056560286633,
      "alive_count_resid_mean": 77.3343137401257,
      "alive_count_resid_std": 77.36994640380861,
      "raw_coverage90_ftv": 0.7928759894459103,
      "conformal_coverage90_ftv": 0.9010554089709762,
      "mean_conformal_q_ml": 1.0189906992601059,
      "mean_crps_ftv": 7.277693140211576
    },
    {
      "start_visit": "T1",
      "predicted_visit": "T3",
      "n_records": 758,
      "n_unique_patients": 758,
      "n_local_disp_residuals": 120303,
      "n_log_volume_residuals": 120303,
      "ftv_resid_mean_ml": 12.743350955347685,
      "ftv_resid_std_ml": 24.455513487363966,
      "alive_count_resid_mean": 78.15761229618008,
      "alive_count_resid_std": 78.47237965403247,
      "raw_coverage90_ftv": 0.7638522427440633,
      "conformal_coverage90_ftv": 0.9010554089709762,
      "mean_conformal_q_ml": 1.1024413943030318,
      "mean_crps_ftv": 8.098104932427637
    },
    {
      "start_visit": "T2",
      "predicted_visit": "T3",
      "n_records": 758,
      "n_unique_patients": 758,
      "n_local_disp_residuals": 120303,
      "n_log_volume_residuals": 120303,
      "ftv_resid_mean_ml": 12.754704223619814,
      "ftv_resid_std_ml": 22.155228113248363,
      "alive_count_resid_mean": 79.28958459300569,
      "alive_count_resid_std": 79.00987042708,
      "raw_coverage90_ftv": 0.7757255936675461,
      "conformal_coverage90_ftv": 0.9010554089709762,
      "mean_conformal_q_ml": 1.169860653054884,
      "mean_crps_ftv": 7.48972825984209
    }
  ]
}