{
  "metadata": {
    "model_family": "consistent_graph_scheduled_sampling_rollout",
    "runs_dir": "runs/edge_meaning_synthetic_spatial_field/hybrid_a50_k8",
    "checkpoint_name": "best.pt",
    "graphs_root": "datasets/synthetic_ftv_graphs_spatial_field/graphs",
    "n_patients": 240,
    "n_rollout_records": 1440,
    "n_mc": 128,
    "metric_draws": 32,
    "start_visits": [
      "T0",
      "T1",
      "T2"
    ],
    "residual_stratify_by": "none",
    "eps_pcr": 0.1,
    "interval": 0.9,
    "seed": 20260513,
    "device": "cuda",
    "leakage_policy": "each patient scored with its held-out fold checkpoint; calibration residuals exclude target patient"
  },
  "n_rows": 1440,
  "n_patients": 240,
  "by_conditioning_visit": [
    {
      "start_visit": "T0",
      "predicted_visit": "T1",
      "n_patients": 240,
      "mean_rollout_depth": 1.0,
      "ftv_mc_mean_ml_mean": 30.449720609849425,
      "ftv_mc_mean_ml_se": 1.9548735462207665,
      "ftv_mc_std_ml_mean": 9.202447266443539,
      "ftv_mc_std_ml_se": 0.15052595142177339,
      "ftv_raw_width90_ml_mean": 27.77997070471224,
      "ftv_raw_width90_ml_se": 0.5009682406104682,
      "ftv_conformal_width90_ml_mean": 27.77997070471224,
      "ftv_conformal_width90_ml_se": 0.5009682406104682,
      "coverage90_ftv_raw_mean": 0.9333333333333333,
      "coverage90_ftv_raw_se": 0.016135179764551824,
      "coverage90_ftv_conformal_mean": 0.9333333333333333,
      "coverage90_ftv_conformal_se": 0.016135179764551824,
      "crps_ftv_mean": 4.282092910515473,
      "crps_ftv_se": 0.37756668557468737,
      "pcr_prob_mc_mean": 0.048046875,
      "pcr_prob_mc_se": 0.003752390703753393,
      "swd_mm_mc_mean_mean": 0.6942491910961762,
      "swd_mm_mc_mean_se": 0.010608024466053575,
      "chamfer_mm_mc_mean_mean": 1.9826987288965399,
      "chamfer_mm_mc_mean_se": 0.018246034649819748,
      "dice_mc_mean_mean": 0.19673513831916958,
      "dice_mc_mean_se": 0.0034955754543868297,
      "ftv_abs_err_ml_mc_mean_mean": 8.876126379223585,
      "ftv_abs_err_ml_mc_mean_se": 0.41580839131807346,
      "alive_count_abs_err_mc_mean_mean": 4.138151041666666,
      "alive_count_abs_err_mc_mean_se": 0.13787039526067488
    },
    {
      "start_visit": "T0",
      "predicted_visit": "T2",
      "n_patients": 240,
      "mean_rollout_depth": 2.0,
      "ftv_mc_mean_ml_mean": 31.464418785643495,
      "ftv_mc_mean_ml_se": 2.2963531983112517,
      "ftv_mc_std_ml_mean": 20.2438635386431,
      "ftv_mc_std_ml_se": 0.45848507615641076,
      "ftv_raw_width90_ml_mean": 54.892590446173,
      "ftv_raw_width90_ml_se": 1.6173716266705098,
      "ftv_conformal_width90_ml_mean": 54.892590446173,
      "ftv_conformal_width90_ml_se": 1.6173716266705098,
      "coverage90_ftv_raw_mean": 0.925,
      "coverage90_ftv_raw_se": 0.01703736970682965,
      "coverage90_ftv_conformal_mean": 0.925,
      "coverage90_ftv_conformal_se": 0.01703736970682965,
      "crps_ftv_mean": 8.924770779319196,
      "crps_ftv_se": 0.8915950138721274,
      "pcr_prob_mc_mean": 0.13639322916666666,
      "pcr_prob_mc_se": 0.006529531681811858,
      "swd_mm_mc_mean_mean": 1.052243248441637,
      "swd_mm_mc_mean_se": 0.020360234160140822,
      "chamfer_mm_mc_mean_mean": 2.5047275461339455,
      "chamfer_mm_mc_mean_se": 0.029648192879469598,
      "dice_mc_mean_mean": 0.13289648325834097,
      "dice_mc_mean_se": 0.0033041405204933295,
      "ftv_abs_err_ml_mc_mean_mean": 18.500691204230527,
      "ftv_abs_err_ml_mc_mean_se": 1.0988656887751347,
      "alive_count_abs_err_mc_mean_mean": 10.088671875,
      "alive_count_abs_err_mc_mean_se": 0.30274840884487025
    },
    {
      "start_visit": "T0",
      "predicted_visit": "T3",
      "n_patients": 240,
      "mean_rollout_depth": 3.0,
      "ftv_mc_mean_ml_mean": 37.031807160985025,
      "ftv_mc_mean_ml_se": 3.0410458895896473,
      "ftv_mc_std_ml_mean": 38.04365396838474,
      "ftv_mc_std_ml_se": 1.0485015981607706,
      "ftv_raw_width90_ml_mean": 91.73516085089271,
      "ftv_raw_width90_ml_se": 3.7983221181085725,
      "ftv_conformal_width90_ml_mean": 91.73516085089271,
      "ftv_conformal_width90_ml_se": 3.7983221181085725,
      "coverage90_ftv_raw_mean": 0.9458333333333333,
      "coverage90_ftv_raw_se": 0.014641123789219545,
      "coverage90_ftv_conformal_mean": 0.9458333333333333,
      "coverage90_ftv_conformal_se": 0.014641123789219545,
      "crps_ftv_mean": 14.734240474312502,
      "crps_ftv_se": 1.8016044730086829,
      "pcr_prob_mc_mean": 0.22145182291666668,
      "pcr_prob_mc_se": 0.007112553302557099,
      "swd_mm_mc_mean_mean": 1.3794569842237083,
      "swd_mm_mc_mean_se": 0.028787004606105053,
      "chamfer_mm_mc_mean_mean": 2.829800605266208,
      "chamfer_mm_mc_mean_se": 0.03867735276270838,
      "dice_mc_mean_mean": 0.10467746013571204,
      "dice_mc_mean_se": 0.0033642973258436876,
      "ftv_abs_err_ml_mc_mean_mean": 30.551041334857807,
      "ftv_abs_err_ml_mc_mean_se": 2.2399410946188927,
      "alive_count_abs_err_mc_mean_mean": 15.628515625,
      "alive_count_abs_err_mc_mean_se": 0.48299806049580685
    },
    {
      "start_visit": "T1",
      "predicted_visit": "T2",
      "n_patients": 240,
      "mean_rollout_depth": 1.0,
      "ftv_mc_mean_ml_mean": 29.585188534648484,
      "ftv_mc_mean_ml_se": 2.594027272629444,
      "ftv_mc_std_ml_mean": 8.751751016663118,
      "ftv_mc_std_ml_se": 0.20952229441732056,
      "ftv_raw_width90_ml_mean": 24.903544391573252,
      "ftv_raw_width90_ml_se": 0.7090401565735689,
      "ftv_conformal_width90_ml_mean": 24.903544391573252,
      "ftv_conformal_width90_ml_se": 0.7090401565735689,
      "coverage90_ftv_raw_mean": 0.9208333333333333,
      "coverage90_ftv_raw_se": 0.017464764953379747,
      "coverage90_ftv_conformal_mean": 0.9208333333333333,
      "coverage90_ftv_conformal_se": 0.017464764953379747,
      "crps_ftv_mean": 3.6431462243420287,
      "crps_ftv_se": 0.35397780736239626,
      "pcr_prob_mc_mean": 0.0396484375,
      "pcr_prob_mc_se": 0.00315904362548001,
      "swd_mm_mc_mean_mean": 0.8502718732697451,
      "swd_mm_mc_mean_se": 0.012512406638142973,
      "chamfer_mm_mc_mean_mean": 2.3637088017567156,
      "chamfer_mm_mc_mean_se": 0.02325176854985769,
      "dice_mc_mean_mean": 0.1407565698774981,
      "dice_mc_mean_se": 0.0032400730819435474,
      "ftv_abs_err_ml_mc_mean_mean": 7.81727591897413,
      "ftv_abs_err_ml_mc_mean_se": 0.4325499200152031,
      "alive_count_abs_err_mc_mean_mean": 5.421614583333334,
      "alive_count_abs_err_mc_mean_se": 0.18958086598041718
    },
    {
      "start_visit": "T1",
      "predicted_visit": "T3",
      "n_patients": 240,
      "mean_rollout_depth": 2.0,
      "ftv_mc_mean_ml_mean": 32.78691417159908,
      "ftv_mc_mean_ml_se": 3.622407994641515,
      "ftv_mc_std_ml_mean": 21.685758905951083,
      "ftv_mc_std_ml_se": 0.5480738658366255,
      "ftv_raw_width90_ml_mean": 49.21624870962803,
      "ftv_raw_width90_ml_se": 2.0101416001410857,
      "ftv_conformal_width90_ml_mean": 49.21624870962803,
      "ftv_conformal_width90_ml_se": 2.0101416001410857,
      "coverage90_ftv_raw_mean": 0.9541666666666667,
      "coverage90_ftv_raw_se": 0.013527074801049015,
      "coverage90_ftv_conformal_mean": 0.9541666666666667,
      "coverage90_ftv_conformal_se": 0.013527074801049015,
      "crps_ftv_mean": 7.804653699552083,
      "crps_ftv_se": 1.1051805751952706,
      "pcr_prob_mc_mean": 0.11881510416666667,
      "pcr_prob_mc_se": 0.006462206820868806,
      "swd_mm_mc_mean_mean": 1.1336342690310484,
      "swd_mm_mc_mean_se": 0.01992138893586644,
      "chamfer_mm_mc_mean_mean": 2.6549765484336936,
      "chamfer_mm_mc_mean_se": 0.031996761390989836,
      "dice_mc_mean_mean": 0.11701417278045989,
      "dice_mc_mean_se": 0.003392137721085422,
      "ftv_abs_err_ml_mc_mean_mean": 16.515714274881272,
      "ftv_abs_err_ml_mc_mean_se": 1.3143171826100486,
      "alive_count_abs_err_mc_mean_mean": 9.350260416666666,