{
  "metadata": {
    "model_family": "consistent_graph_scheduled_sampling_rollout",
    "runs_dir": "runs/edge_meaning_synthetic_spatial_field/endpoint_full_k8",
    "checkpoint_name": "best.pt",
    "graphs_root": "datasets/synthetic_ftv_graphs_spatial_field/graphs",
    "n_patients": 240,
    "n_rollout_records": 1440,
    "n_mc": 128,
    "metric_draws": 32,
    "start_visits": [
      "T0",
      "T1",
      "T2"
    ],
    "residual_stratify_by": "none",
    "eps_pcr": 0.1,
    "interval": 0.9,
    "seed": 20260513,
    "device": "cuda",
    "leakage_policy": "each patient scored with its held-out fold checkpoint; calibration residuals exclude target patient"
  },
  "n_rows": 1440,
  "n_patients": 240,
  "by_conditioning_visit": [
    {
      "start_visit": "T0",
      "predicted_visit": "T1",
      "n_patients": 240,
      "mean_rollout_depth": 1.0,
      "ftv_mc_mean_ml_mean": 30.438255896948718,
      "ftv_mc_mean_ml_se": 1.939540928909398,
      "ftv_mc_std_ml_mean": 9.174352301095295,
      "ftv_mc_std_ml_se": 0.15485524451298277,
      "ftv_raw_width90_ml_mean": 28.00655773985417,
      "ftv_raw_width90_ml_se": 0.5017320350445648,
      "ftv_conformal_width90_ml_mean": 28.00655773985417,
      "ftv_conformal_width90_ml_se": 0.5017320350445648,
      "coverage90_ftv_raw_mean": 0.9291666666666667,
      "coverage90_ftv_raw_se": 0.01659459661796766,
      "coverage90_ftv_conformal_mean": 0.9291666666666667,
      "coverage90_ftv_conformal_se": 0.01659459661796766,
      "crps_ftv_mean": 4.187788427721549,
      "crps_ftv_se": 0.3403191159167673,
      "pcr_prob_mc_mean": 0.04638671875,
      "pcr_prob_mc_se": 0.003560237257490654,
      "swd_mm_mc_mean_mean": 0.7063642411587355,
      "swd_mm_mc_mean_se": 0.01106610080148729,
      "chamfer_mm_mc_mean_mean": 1.9805909110419018,
      "chamfer_mm_mc_mean_se": 0.018175896684598708,
      "dice_mc_mean_mean": 0.19582772840231896,
      "dice_mc_mean_se": 0.003390681537374238,
      "ftv_abs_err_ml_mc_mean_mean": 8.877709619220946,
      "ftv_abs_err_ml_mc_mean_se": 0.41207051256841515,
      "alive_count_abs_err_mc_mean_mean": 4.2140625,
      "alive_count_abs_err_mc_mean_se": 0.13763384538524034
    },
    {
      "start_visit": "T0",
      "predicted_visit": "T2",
      "n_patients": 240,
      "mean_rollout_depth": 2.0,
      "ftv_mc_mean_ml_mean": 30.887645227045276,
      "ftv_mc_mean_ml_se": 2.3021012903059153,
      "ftv_mc_std_ml_mean": 18.71044960188646,
      "ftv_mc_std_ml_se": 0.4758008745712857,
      "ftv_raw_width90_ml_mean": 52.38861911655512,
      "ftv_raw_width90_ml_se": 1.6543506485647683,
      "ftv_conformal_width90_ml_mean": 52.38861911655512,
      "ftv_conformal_width90_ml_se": 1.6543506485647683,
      "coverage90_ftv_raw_mean": 0.9416666666666667,
      "coverage90_ftv_raw_se": 0.015160308719927046,
      "coverage90_ftv_conformal_mean": 0.9416666666666667,
      "coverage90_ftv_conformal_se": 0.015160308719927046,
      "crps_ftv_mean": 8.60490261564445,
      "crps_ftv_se": 0.8244967656626153,
      "pcr_prob_mc_mean": 0.14143880208333334,
      "pcr_prob_mc_se": 0.006526663922607833,
      "swd_mm_mc_mean_mean": 1.0727196214374584,
      "swd_mm_mc_mean_se": 0.02075963128080448,
      "chamfer_mm_mc_mean_mean": 2.513858768491605,
      "chamfer_mm_mc_mean_se": 0.029511773842476465,
      "dice_mc_mean_mean": 0.12851824291287278,
      "dice_mc_mean_se": 0.0031490227679766484,
      "ftv_abs_err_ml_mc_mean_mean": 17.803942796965046,
      "ftv_abs_err_ml_mc_mean_se": 1.017613568311539,
      "alive_count_abs_err_mc_mean_mean": 9.892057291666667,
      "alive_count_abs_err_mc_mean_se": 0.3167698696267414
    },
    {
      "start_visit": "T0",
      "predicted_visit": "T3",
      "n_patients": 240,
      "mean_rollout_depth": 3.0,
      "ftv_mc_mean_ml_mean": 34.736241743119976,
      "ftv_mc_mean_ml_se": 2.9685861337456054,
      "ftv_mc_std_ml_mean": 35.30945509820829,
      "ftv_mc_std_ml_se": 1.0602708384299395,
      "ftv_raw_width90_ml_mean": 82.65731452259288,
      "ftv_raw_width90_ml_se": 3.614437556557814,
      "ftv_conformal_width90_ml_mean": 82.65731452259288,
      "ftv_conformal_width90_ml_se": 3.614437556557814,
      "coverage90_ftv_raw_mean": 0.9458333333333333,
      "coverage90_ftv_raw_se": 0.014641123789219546,
      "coverage90_ftv_conformal_mean": 0.9458333333333333,
      "coverage90_ftv_conformal_se": 0.014641123789219546,
      "crps_ftv_mean": 13.847544168142202,
      "crps_ftv_se": 1.6918482225579439,
      "pcr_prob_mc_mean": 0.23313802083333332,
      "pcr_prob_mc_se": 0.007468936232378644,
      "swd_mm_mc_mean_mean": 1.4493582612290945,
      "swd_mm_mc_mean_se": 0.031338147994907195,
      "chamfer_mm_mc_mean_mean": 2.8677282653980494,
      "chamfer_mm_mc_mean_se": 0.039253135400938784,
      "dice_mc_mean_mean": 0.1011342004950279,
      "dice_mc_mean_se": 0.0031700146390754294,
      "ftv_abs_err_ml_mc_mean_mean": 29.069630479206175,
      "ftv_abs_err_ml_mc_mean_se": 2.192049455110902,
      "alive_count_abs_err_mc_mean_mean": 16.00078125,
      "alive_count_abs_err_mc_mean_se": 0.49451946210951503
    },
    {
      "start_visit": "T1",
      "predicted_visit": "T2",
      "n_patients": 240,
      "mean_rollout_depth": 1.0,
      "ftv_mc_mean_ml_mean": 28.993970019310744,
      "ftv_mc_mean_ml_se": 2.588644555038352,
      "ftv_mc_std_ml_mean": 8.049566255063288,
      "ftv_mc_std_ml_se": 0.21341394700911076,
      "ftv_raw_width90_ml_mean": 22.97716577558268,
      "ftv_raw_width90_ml_se": 0.672322317613992,
      "ftv_conformal_width90_ml_mean": 22.97716577558268,
      "ftv_conformal_width90_ml_se": 0.672322317613992,
      "coverage90_ftv_raw_mean": 0.95,
      "coverage90_ftv_raw_se": 0.0140976866852146,
      "coverage90_ftv_conformal_mean": 0.95,
      "coverage90_ftv_conformal_se": 0.0140976866852146,
      "crps_ftv_mean": 3.243293264624219,
      "crps_ftv_se": 0.3154438284436999,
      "pcr_prob_mc_mean": 0.04208984375,
      "pcr_prob_mc_se": 0.003235639374294437,
      "swd_mm_mc_mean_mean": 0.8776553477873494,
      "swd_mm_mc_mean_se": 0.013464172287137076,
      "chamfer_mm_mc_mean_mean": 2.3664573016041106,
      "chamfer_mm_mc_mean_se": 0.023508601602078686,
      "dice_mc_mean_mean": 0.14019785928579467,
      "dice_mc_mean_se": 0.003184642535742391,
      "ftv_abs_err_ml_mc_mean_mean": 7.1901403479686365,
      "ftv_abs_err_ml_mc_mean_se": 0.4017402356641168,
      "alive_count_abs_err_mc_mean_mean": 5.432291666666667,
      "alive_count_abs_err_mc_mean_se": 0.19161796559466704
    },
    {
      "start_visit": "T1",
      "predicted_visit": "T3",
      "n_patients": 240,
      "mean_rollout_depth": 2.0,
      "ftv_mc_mean_ml_mean": 31.43524516949094,
      "ftv_mc_mean_ml_se": 3.607788841958155,
      "ftv_mc_std_ml_mean": 19.473307137795327,
      "ftv_mc_std_ml_se": 0.5562555637064871,
      "ftv_raw_width90_ml_mean": 44.31095914046795,
      "ftv_raw_width90_ml_se": 1.8026075403875945,
      "ftv_conformal_width90_ml_mean": 44.31095914046795,
      "ftv_conformal_width90_ml_se": 1.8026075403875945,
      "coverage90_ftv_raw_mean": 0.95,
      "coverage90_ftv_raw_se": 0.0140976866852146,
      "coverage90_ftv_conformal_mean": 0.95,
      "coverage90_ftv_conformal_se": 0.0140976866852146,
      "crps_ftv_mean": 7.032822795698,
      "crps_ftv_se": 0.9970242107524437,
      "pcr_prob_mc_mean": 0.12731119791666667,
      "pcr_prob_mc_se": 0.00694264490140293,
      "swd_mm_mc_mean_mean": 1.1705163146563284,
      "swd_mm_mc_mean_se": 0.022938056390786908,
      "chamfer_mm_mc_mean_mean": 2.6797137679026624,
      "chamfer_mm_mc_mean_se": 0.03373125568879143,
      "dice_mc_mean_mean": 0.11445739483965206,
      "dice_mc_mean_se": 0.0033404088171077135,
      "ftv_abs_err_ml_mc_mean_mean": 14.800088524256937,
      "ftv_abs_err_ml_mc_mean_se": 1.1767731854095695,
      "alive_count_abs_err_mc_mean_mean": 8.952734375,