{
  "metadata": {
    "model_family": "consistent_graph_scheduled_sampling_rollout",
    "runs_dir": "runs/edge_meaning_breast/feature_pe_ser_k8",
    "checkpoint_name": "best.pt",
    "graphs_root": "datasets/ispy2/graphs_consistent",
    "n_patients": 758,
    "n_rollout_records": 4548,
    "n_mc": 128,
    "metric_draws": 32,
    "start_visits": [
      "T0",
      "T1",
      "T2"
    ],
    "residual_stratify_by": "none",
    "eps_pcr": 0.1,
    "interval": 0.9,
    "seed": 20260513,
    "device": "cuda",
    "leakage_policy": "each patient scored with its held-out fold checkpoint; calibration residuals exclude target patient"
  },
  "n_rows": 4548,
  "n_patients": 758,
  "by_conditioning_visit": [
    {
      "start_visit": "T0",
      "predicted_visit": "T1",
      "n_patients": 758,
      "mean_rollout_depth": 1.0,
      "ftv_mc_mean_ml_mean": 25.43779985779753,
      "ftv_mc_mean_ml_se": 1.2179834210591012,
      "ftv_mc_std_ml_mean": 11.617566247918818,
      "ftv_mc_std_ml_se": 0.1951057580966855,
      "ftv_raw_width90_ml_mean": 18.05486186854104,
      "ftv_raw_width90_ml_se": 0.17174867985892306,
      "ftv_conformal_width90_ml_mean": 20.305715003623124,
      "ftv_conformal_width90_ml_se": 0.17172827545948682,
      "coverage90_ftv_raw_mean": 0.8773087071240105,
      "coverage90_ftv_raw_se": 0.011924361990825888,
      "coverage90_ftv_conformal_mean": 0.9010554089709762,
      "coverage90_ftv_conformal_se": 0.010852351158798469,
      "crps_ftv_mean": 3.8791146187675523,
      "crps_ftv_se": 0.4131879165942581,
      "pcr_prob_mc_mean": 0.05359498680738786,
      "pcr_prob_mc_se": 0.002710893752916266,
      "swd_mm_mc_mean_mean": 1.13728952797552,
      "swd_mm_mc_mean_se": 0.01648070040546305,
      "chamfer_mm_mc_mean_mean": 3.4155199261717826,
      "chamfer_mm_mc_mean_se": 0.024755752932469482,
      "dice_mc_mean_mean": 0.052562456797904174,
      "dice_mc_mean_se": 0.0008184741240019689,
      "ftv_abs_err_ml_mc_mean_mean": 7.450153436607864,
      "ftv_abs_err_ml_mc_mean_se": 0.422894819148543,
      "alive_count_abs_err_mc_mean_mean": 0.7590286939313984,
      "alive_count_abs_err_mc_mean_se": 0.4687363731851547
    },
    {
      "start_visit": "T0",
      "predicted_visit": "T2",
      "n_patients": 758,
      "mean_rollout_depth": 2.0,
      "ftv_mc_mean_ml_mean": 26.844812165932616,
      "ftv_mc_mean_ml_se": 1.1107806835104659,
      "ftv_mc_std_ml_mean": 13.955526039644353,
      "ftv_mc_std_ml_se": 0.19602006839140682,
      "ftv_raw_width90_ml_mean": 22.37989621836002,
      "ftv_raw_width90_ml_se": 0.26523428934251203,
      "ftv_conformal_width90_ml_mean": 25.92769450036549,
      "ftv_conformal_width90_ml_se": 0.26509395636248945,
      "coverage90_ftv_raw_mean": 0.8614775725593667,
      "coverage90_ftv_raw_se": 0.01255550238241197,
      "coverage90_ftv_conformal_mean": 0.9010554089709762,
      "coverage90_ftv_conformal_se": 0.010852351158798469,
      "crps_ftv_mean": 4.6733177817945935,
      "crps_ftv_se": 0.46764006531074215,
      "pcr_prob_mc_mean": 0.0485240765171504,
      "pcr_prob_mc_se": 0.0023948333026679704,
      "swd_mm_mc_mean_mean": 1.1867179415524833,
      "swd_mm_mc_mean_se": 0.02930579258690366,
      "chamfer_mm_mc_mean_mean": 3.491357691044658,
      "chamfer_mm_mc_mean_se": 0.030424697380243008,
      "dice_mc_mean_mean": 0.05004171738786053,
      "dice_mc_mean_se": 0.0008039333334569999,
      "ftv_abs_err_ml_mc_mean_mean": 8.940003228894241,
      "ftv_abs_err_ml_mc_mean_se": 0.4806715318357861,
      "alive_count_abs_err_mc_mean_mean": 2.785413918205805,
      "alive_count_abs_err_mc_mean_se": 0.7909563532206848
    },
    {
      "start_visit": "T0",
      "predicted_visit": "T3",
      "n_patients": 758,
      "mean_rollout_depth": 3.0,
      "ftv_mc_mean_ml_mean": 26.816607261967174,
      "ftv_mc_mean_ml_se": 1.0335524396394087,
      "ftv_mc_std_ml_mean": 15.335254509554321,
      "ftv_mc_std_ml_se": 0.1858584745339139,
      "ftv_raw_width90_ml_mean": 24.755907670111036,
      "ftv_raw_width90_ml_se": 0.39139093319618307,
      "ftv_conformal_width90_ml_mean": 29.27782881702543,
      "ftv_conformal_width90_ml_se": 0.3913805391805063,
      "coverage90_ftv_raw_mean": 0.8601583113456465,
      "coverage90_ftv_raw_se": 0.012605485730435035,
      "coverage90_ftv_conformal_mean": 0.9010554089709762,
      "coverage90_ftv_conformal_se": 0.010852351158798469,
      "crps_ftv_mean": 5.051769619067131,
      "crps_ftv_se": 0.4988448252146691,
      "pcr_prob_mc_mean": 0.05485240765171504,
      "pcr_prob_mc_se": 0.0027314642121959265,
      "swd_mm_mc_mean_mean": 1.1720968957934466,
      "swd_mm_mc_mean_se": 0.025254956741684435,
      "chamfer_mm_mc_mean_mean": 3.4510860662314746,
      "chamfer_mm_mc_mean_se": 0.029179932070152362,
      "dice_mc_mean_mean": 0.052351415036348964,
      "dice_mc_mean_se": 0.0007975236568555584,
      "ftv_abs_err_ml_mc_mean_mean": 9.8207677249466,
      "ftv_abs_err_ml_mc_mean_se": 0.5130216541748984,
      "alive_count_abs_err_mc_mean_mean": 2.623639511873351,
      "alive_count_abs_err_mc_mean_se": 0.7440206660324702
    },
    {
      "start_visit": "T1",
      "predicted_visit": "T2",
      "n_patients": 758,
      "mean_rollout_depth": 1.0,
      "ftv_mc_mean_ml_mean": 27.356290243752937,
      "ftv_mc_mean_ml_se": 1.2892916323776054,
      "ftv_mc_std_ml_mean": 10.132774958424944,
      "ftv_mc_std_ml_se": 0.10370797133723401,
      "ftv_raw_width90_ml_mean": 22.769740088667856,
      "ftv_raw_width90_ml_se": 0.21731430841998015,
      "ftv_conformal_width90_ml_mean": 25.529755408000707,
      "ftv_conformal_width90_ml_se": 0.21716360638795035,
      "coverage90_ftv_raw_mean": 0.8773087071240105,
      "coverage90_ftv_raw_se": 0.011924361990825888,
      "coverage90_ftv_conformal_mean": 0.9010554089709762,
      "coverage90_ftv_conformal_se": 0.010852351158798469,
      "crps_ftv_mean": 4.197876122100789,
      "crps_ftv_se": 0.3131436955874159,
      "pcr_prob_mc_mean": 0.042546174142480214,
      "pcr_prob_mc_se": 0.0017797729479395359,
      "swd_mm_mc_mean_mean": 1.6209208843945453,
      "swd_mm_mc_mean_se": 0.09314010716841359,
      "chamfer_mm_mc_mean_mean": 4.145890548432365,
      "chamfer_mm_mc_mean_se": 0.07793433037749581,
      "dice_mc_mean_mean": 0.039894923466439074,
      "dice_mc_mean_se": 0.0007235742743646584,
      "ftv_abs_err_ml_mc_mean_mean": 8.058262935397675,
      "ftv_abs_err_ml_mc_mean_se": 0.3264457774926846,
      "alive_count_abs_err_mc_mean_mean": 2.710009894459103,
      "alive_count_abs_err_mc_mean_se": 0.7882220503039954
    },
    {
      "start_visit": "T1",
      "predicted_visit": "T3",
      "n_patients": 758,
      "mean_rollout_depth": 2.0,
      "ftv_mc_mean_ml_mean": 27.222577648664018,
      "ftv_mc_mean_ml_se": 1.1399164947565577,
      "ftv_mc_std_ml_mean": 12.672824181370421,
      "ftv_mc_std_ml_se": 0.1447434871234507,
      "ftv_raw_width90_ml_mean": 23.97583668580768,
      "ftv_raw_width90_ml_se": 0.304294105259745,
      "ftv_conformal_width90_ml_mean": 28.893637981933185,
      "ftv_conformal_width90_ml_se": 0.304294849706029,
      "coverage90_ftv_raw_mean": 0.8496042216358839,
      "coverage90_ftv_raw_se": 0.012992065875468264,
      "coverage90_ftv_conformal_mean": 0.9010554089709762,
      "coverage90_ftv_conformal_se": 0.010852351158798469,
      "crps_ftv_mean": 4.691541089890989,
      "crps_ftv_se": 0.3929109229444844,
      "pcr_prob_mc_mean": 0.0467719327176781,
      "pcr_prob_mc_se": 0.002315976665776901,
      "swd_mm_mc_mean_mean": 1.6891146075633314,
      "swd_mm_mc_mean_se": 0.0932733893818253,
      "chamfer_mm_mc_mean_mean": 4.23092508930657,
      "chamfer_mm_mc_mean_se": 0.07776046373057312,
      "dice_mc_mean_mean": 0.037945111130210055,
      "dice_mc_mean_se": 0.0006518899945678592,
      "ftv_abs_err_ml_mc_mean_mean": 9.082651324180421,
      "ftv_abs_err_ml_mc_mean_se": 0.4051002784944709,
      "alive_count_abs_err_mc_mean_mean": 2.7119063324538257,