{
  "metadata": {
    "model_family": "consistent_graph_scheduled_sampling_rollout",
    "runs_dir": "runs/edge_attr_meaning_breast/hybrid_a50_bio_k8",
    "checkpoint_name": "best.pt",
    "graphs_root": "datasets/ispy2/graphs_consistent",
    "n_patients": 758,
    "n_rollout_records": 4548,
    "n_mc": 128,
    "metric_draws": 32,
    "start_visits": [
      "T0",
      "T1",
      "T2"
    ],
    "residual_stratify_by": "none",
    "eps_pcr": 0.1,
    "interval": 0.9,
    "seed": 20260513,
    "device": "cuda",
    "leakage_policy": "each patient scored with its held-out fold checkpoint; calibration residuals exclude target patient"
  },
  "n_rows": 4548,
  "n_patients": 758,
  "by_conditioning_visit": [
    {
      "start_visit": "T0",
      "predicted_visit": "T1",
      "n_patients": 758,
      "mean_rollout_depth": 1.0,
      "ftv_mc_mean_ml_mean": 25.262287386096403,
      "ftv_mc_mean_ml_se": 1.3173636443679826,
      "ftv_mc_std_ml_mean": 9.357601974467823,
      "ftv_mc_std_ml_se": 0.13814207738978035,
      "ftv_raw_width90_ml_mean": 16.455214369301643,
      "ftv_raw_width90_ml_se": 0.13872824692492297,
      "ftv_conformal_width90_ml_mean": 19.66596138737712,
      "ftv_conformal_width90_ml_se": 0.1386200577744843,
      "coverage90_ftv_raw_mean": 0.8707124010554089,
      "coverage90_ftv_raw_se": 0.012194608446770961,
      "coverage90_ftv_conformal_mean": 0.9010554089709762,
      "coverage90_ftv_conformal_se": 0.010852351158798469,
      "crps_ftv_mean": 3.5664524251533125,
      "crps_ftv_se": 0.3269679486476946,
      "pcr_prob_mc_mean": 0.05785166556728232,
      "pcr_prob_mc_se": 0.0027340915152654034,
      "swd_mm_mc_mean_mean": 1.1070794312255008,
      "swd_mm_mc_mean_se": 0.016521325480101687,
      "chamfer_mm_mc_mean_mean": 3.3812250750706005,
      "chamfer_mm_mc_mean_se": 0.024823081510966055,
      "dice_mc_mean_mean": 0.0542531125194519,
      "dice_mc_mean_se": 0.0008276599110863453,
      "ftv_abs_err_ml_mc_mean_mean": 6.864142959785546,
      "ftv_abs_err_ml_mc_mean_se": 0.33731527632459407,
      "alive_count_abs_err_mc_mean_mean": 0.7861972295514512,
      "alive_count_abs_err_mc_mean_se": 0.4697750698752089
    },
    {
      "start_visit": "T0",
      "predicted_visit": "T2",
      "n_patients": 758,
      "mean_rollout_depth": 2.0,
      "ftv_mc_mean_ml_mean": 25.547287979524935,
      "ftv_mc_mean_ml_se": 1.261189331754454,
      "ftv_mc_std_ml_mean": 10.131568393912907,
      "ftv_mc_std_ml_se": 0.1279400556951841,
      "ftv_raw_width90_ml_mean": 18.78667846367576,
      "ftv_raw_width90_ml_se": 0.21042839908212405,
      "ftv_conformal_width90_ml_mean": 20.41132131584074,
      "ftv_conformal_width90_ml_se": 0.21036632469103955,
      "coverage90_ftv_raw_mean": 0.8918205804749341,
      "coverage90_ftv_raw_se": 0.01128919900419228,
      "coverage90_ftv_conformal_mean": 0.9010554089709762,
      "coverage90_ftv_conformal_se": 0.010852351158798469,
      "crps_ftv_mean": 3.968428091406544,
      "crps_ftv_se": 0.35163663412649715,
      "pcr_prob_mc_mean": 0.0702094327176781,
      "pcr_prob_mc_se": 0.0030420180935801216,
      "swd_mm_mc_mean_mean": 1.2049237758002602,
      "swd_mm_mc_mean_se": 0.029178071125207854,
      "chamfer_mm_mc_mean_mean": 3.51573690017887,
      "chamfer_mm_mc_mean_se": 0.030298741943826275,
      "dice_mc_mean_mean": 0.04847811213353803,
      "dice_mc_mean_se": 0.0007602217443882111,
      "ftv_abs_err_ml_mc_mean_mean": 7.66229401450709,
      "ftv_abs_err_ml_mc_mean_se": 0.36319211124997725,
      "alive_count_abs_err_mc_mean_mean": 2.658270118733509,
      "alive_count_abs_err_mc_mean_se": 0.790495434068967
    },
    {
      "start_visit": "T0",
      "predicted_visit": "T3",
      "n_patients": 758,
      "mean_rollout_depth": 3.0,
      "ftv_mc_mean_ml_mean": 26.360469469613246,
      "ftv_mc_mean_ml_se": 1.1874733640150679,
      "ftv_mc_std_ml_mean": 10.614713409110042,
      "ftv_mc_std_ml_se": 0.15323050511556996,
      "ftv_raw_width90_ml_mean": 19.205547376376046,
      "ftv_raw_width90_ml_se": 0.22822580674101234,
      "ftv_conformal_width90_ml_mean": 22.37626217460157,
      "ftv_conformal_width90_ml_se": 0.22825041419604475,
      "coverage90_ftv_raw_mean": 0.8773087071240105,
      "coverage90_ftv_raw_se": 0.011924361990825888,
      "coverage90_ftv_conformal_mean": 0.9010554089709762,
      "coverage90_ftv_conformal_se": 0.010852351158798469,
      "crps_ftv_mean": 3.997603355081031,
      "crps_ftv_se": 0.3667717611526691,
      "pcr_prob_mc_mean": 0.0509873845646438,
      "pcr_prob_mc_se": 0.0025180017007033853,
      "swd_mm_mc_mean_mean": 1.171654048819817,
      "swd_mm_mc_mean_se": 0.02591650170577488,
      "chamfer_mm_mc_mean_mean": 3.4485967307112135,
      "chamfer_mm_mc_mean_se": 0.029315903973036645,
      "dice_mc_mean_mean": 0.05283220945373266,
      "dice_mc_mean_se": 0.0008149153392880315,
      "ftv_abs_err_ml_mc_mean_mean": 7.685618913715664,
      "ftv_abs_err_ml_mc_mean_se": 0.37801615656282406,
      "alive_count_abs_err_mc_mean_mean": 2.7378792875989446,
      "alive_count_abs_err_mc_mean_se": 0.742153223335201
    },
    {
      "start_visit": "T1",
      "predicted_visit": "T2",
      "n_patients": 758,
      "mean_rollout_depth": 1.0,
      "ftv_mc_mean_ml_mean": 26.23791807174106,
      "ftv_mc_mean_ml_se": 1.3864263797918943,
      "ftv_mc_std_ml_mean": 7.913886113451095,
      "ftv_mc_std_ml_se": 0.10411148331516495,
      "ftv_raw_width90_ml_mean": 17.983498447506186,
      "ftv_raw_width90_ml_se": 0.1739345523800104,
      "ftv_conformal_width90_ml_mean": 21.065625931312656,
      "ftv_conformal_width90_ml_se": 0.1737377794328459,
      "coverage90_ftv_raw_mean": 0.8852242744063324,
      "coverage90_ftv_raw_se": 0.011585205479752074,
      "coverage90_ftv_conformal_mean": 0.9010554089709762,
      "coverage90_ftv_conformal_se": 0.010852351158798469,
      "crps_ftv_mean": 3.7196021406806654,
      "crps_ftv_se": 0.30082738982012613,
      "pcr_prob_mc_mean": 0.05268799472295514,
      "pcr_prob_mc_se": 0.0022507700604681587,
      "swd_mm_mc_mean_mean": 1.4597813056869255,
      "swd_mm_mc_mean_se": 0.09983353687644744,
      "chamfer_mm_mc_mean_mean": 3.7724583750274134,
      "chamfer_mm_mc_mean_se": 0.08201497236696056,
      "dice_mc_mean_mean": 0.050581410326487074,
      "dice_mc_mean_se": 0.0007988219742016031,
      "ftv_abs_err_ml_mc_mean_mean": 6.863806837094623,
      "ftv_abs_err_ml_mc_mean_se": 0.3127542317111733,
      "alive_count_abs_err_mc_mean_mean": 2.6137862796833775,
      "alive_count_abs_err_mc_mean_se": 0.7868584031761188
    },
    {
      "start_visit": "T1",
      "predicted_visit": "T3",
      "n_patients": 758,
      "mean_rollout_depth": 2.0,
      "ftv_mc_mean_ml_mean": 27.19488944632373,
      "ftv_mc_mean_ml_se": 1.2950012370998807,
      "ftv_mc_std_ml_mean": 9.973768485396096,
      "ftv_mc_std_ml_se": 0.12318529804178138,
      "ftv_raw_width90_ml_mean": 20.209778416606458,
      "ftv_raw_width90_ml_se": 0.21388443898655832,
      "ftv_conformal_width90_ml_mean": 25.60607172188301,
      "ftv_conformal_width90_ml_se": 0.21387970216008226,
      "coverage90_ftv_raw_mean": 0.8654353562005277,
      "coverage90_ftv_raw_se": 0.012403231800617903,
      "coverage90_ftv_conformal_mean": 0.9010554089709762,
      "coverage90_ftv_conformal_se": 0.010852351158798469,
      "crps_ftv_mean": 4.184661091587692,
      "crps_ftv_se": 0.3475036609769798,
      "pcr_prob_mc_mean": 0.045906167546174145,
      "pcr_prob_mc_se": 0.0020190396468121557,
      "swd_mm_mc_mean_mean": 1.4996029266296338,
      "swd_mm_mc_mean_se": 0.09952026578486975,
      "chamfer_mm_mc_mean_mean": 3.812876156532721,
      "chamfer_mm_mc_mean_se": 0.08252673300693315,
      "dice_mc_mean_mean": 0.050571810473137226,
      "dice_mc_mean_se": 0.0007345767760841014,
      "ftv_abs_err_ml_mc_mean_mean": 7.862293381523764,
      "ftv_abs_err_ml_mc_mean_se": 0.3579987788049743,