{
  "metadata": {
    "model_family": "consistent_graph_scheduled_sampling_rollout",
    "runs_dir": "runs/edge_attr_meaning_breast/spatial_k4_bio",
    "checkpoint_name": "best.pt",
    "graphs_root": "datasets/ispy2/graphs_consistent",
    "n_patients": 758,
    "n_rollout_records": 4548,
    "n_mc": 128,
    "metric_draws": 32,
    "start_visits": [
      "T0",
      "T1",
      "T2"
    ],
    "residual_stratify_by": "none",
    "eps_pcr": 0.1,
    "interval": 0.9,
    "seed": 20260513,
    "device": "cuda",
    "leakage_policy": "each patient scored with its held-out fold checkpoint; calibration residuals exclude target patient"
  },
  "n_rows": 4548,
  "n_patients": 758,
  "by_conditioning_visit": [
    {
      "start_visit": "T0",
      "predicted_visit": "T1",
      "n_patients": 758,
      "mean_rollout_depth": 1.0,
      "ftv_mc_mean_ml_mean": 25.39984223939492,
      "ftv_mc_mean_ml_se": 1.3127358557967435,
      "ftv_mc_std_ml_mean": 9.77852371208815,
      "ftv_mc_std_ml_se": 0.14972417595935977,
      "ftv_raw_width90_ml_mean": 16.763731508229665,
      "ftv_raw_width90_ml_se": 0.14004866547348832,
      "ftv_conformal_width90_ml_mean": 19.166284841658108,
      "ftv_conformal_width90_ml_se": 0.14001071183499875,
      "coverage90_ftv_raw_mean": 0.8733509234828496,
      "coverage90_ftv_raw_se": 0.012087805570351034,
      "coverage90_ftv_conformal_mean": 0.9010554089709762,
      "coverage90_ftv_conformal_se": 0.010852351158798469,
      "crps_ftv_mean": 3.556626123071722,
      "crps_ftv_se": 0.3372174649916042,
      "pcr_prob_mc_mean": 0.05428553759894459,
      "pcr_prob_mc_se": 0.002646200164833618,
      "swd_mm_mc_mean_mean": 1.1119848744687488,
      "swd_mm_mc_mean_se": 0.016454041186611087,
      "chamfer_mm_mc_mean_mean": 3.38515048656936,
      "chamfer_mm_mc_mean_se": 0.024841790150452646,
      "dice_mc_mean_mean": 0.05405071363654544,
      "dice_mc_mean_se": 0.0008335174305051308,
      "ftv_abs_err_ml_mc_mean_mean": 6.832987308042553,
      "ftv_abs_err_ml_mc_mean_se": 0.3433860712499933,
      "alive_count_abs_err_mc_mean_mean": 0.7618733509234829,
      "alive_count_abs_err_mc_mean_se": 0.46895934925338634
    },
    {
      "start_visit": "T0",
      "predicted_visit": "T2",
      "n_patients": 758,
      "mean_rollout_depth": 2.0,
      "ftv_mc_mean_ml_mean": 25.955415879655508,
      "ftv_mc_mean_ml_se": 1.2288503152410961,
      "ftv_mc_std_ml_mean": 10.667536298240082,
      "ftv_mc_std_ml_se": 0.13991178319229933,
      "ftv_raw_width90_ml_mean": 19.416635717321455,
      "ftv_raw_width90_ml_se": 0.22351794231607583,
      "ftv_conformal_width90_ml_mean": 22.63847827710056,
      "ftv_conformal_width90_ml_se": 0.2234300573418785,
      "coverage90_ftv_raw_mean": 0.8773087071240105,
      "coverage90_ftv_raw_se": 0.011924361990825888,
      "coverage90_ftv_conformal_mean": 0.9010554089709762,
      "coverage90_ftv_conformal_se": 0.010852351158798469,
      "crps_ftv_mean": 4.08921303082122,
      "crps_ftv_se": 0.36688148400512344,
      "pcr_prob_mc_mean": 0.06104675131926121,
      "pcr_prob_mc_se": 0.002830285654351128,
      "swd_mm_mc_mean_mean": 1.20339982406969,
      "swd_mm_mc_mean_se": 0.029726863984929193,
      "chamfer_mm_mc_mean_mean": 3.509687228018716,
      "chamfer_mm_mc_mean_se": 0.030453763619098056,
      "dice_mc_mean_mean": 0.04917504730493716,
      "dice_mc_mean_se": 0.0007819602086865004,
      "ftv_abs_err_ml_mc_mean_mean": 7.717216641400142,
      "ftv_abs_err_ml_mc_mean_se": 0.37648374494519415,
      "alive_count_abs_err_mc_mean_mean": 2.711205474934037,
      "alive_count_abs_err_mc_mean_se": 0.7887491213680786
    },
    {
      "start_visit": "T0",
      "predicted_visit": "T3",
      "n_patients": 758,
      "mean_rollout_depth": 3.0,
      "ftv_mc_mean_ml_mean": 26.449945410463584,
      "ftv_mc_mean_ml_se": 1.1745987245116538,
      "ftv_mc_std_ml_mean": 10.883262888351197,
      "ftv_mc_std_ml_se": 0.13778533179865515,
      "ftv_raw_width90_ml_mean": 19.502741091749517,
      "ftv_raw_width90_ml_se": 0.2569332125373325,
      "ftv_conformal_width90_ml_mean": 23.05257081714114,
      "ftv_conformal_width90_ml_se": 0.2569295156742784,
      "coverage90_ftv_raw_mean": 0.8680738786279684,
      "coverage90_ftv_raw_se": 0.012299736326488503,
      "coverage90_ftv_conformal_mean": 0.9010554089709762,
      "coverage90_ftv_conformal_se": 0.010852351158798469,
      "crps_ftv_mean": 4.01411824737391,
      "crps_ftv_se": 0.3528777641008477,
      "pcr_prob_mc_mean": 0.04898787928759894,
      "pcr_prob_mc_se": 0.0024217169142926507,
      "swd_mm_mc_mean_mean": 1.1890661105080353,
      "swd_mm_mc_mean_se": 0.026140457277930868,
      "chamfer_mm_mc_mean_mean": 3.4663773052532245,
      "chamfer_mm_mc_mean_se": 0.029416650160502076,
      "dice_mc_mean_mean": 0.05170037003091468,
      "dice_mc_mean_se": 0.0007884019055865839,
      "ftv_abs_err_ml_mc_mean_mean": 7.76608886772632,
      "ftv_abs_err_ml_mc_mean_se": 0.36504059562415125,
      "alive_count_abs_err_mc_mean_mean": 2.596512203166227,
      "alive_count_abs_err_mc_mean_se": 0.7457109875948983
    },
    {
      "start_visit": "T1",
      "predicted_visit": "T2",
      "n_patients": 758,
      "mean_rollout_depth": 1.0,
      "ftv_mc_mean_ml_mean": 26.589003747969738,
      "ftv_mc_mean_ml_se": 1.4137339633761108,
      "ftv_mc_std_ml_mean": 8.593754732644276,
      "ftv_mc_std_ml_se": 0.10784187244519039,
      "ftv_raw_width90_ml_mean": 19.255955502306957,
      "ftv_raw_width90_ml_se": 0.18884108595588064,
      "ftv_conformal_width90_ml_mean": 21.49800531008837,
      "ftv_conformal_width90_ml_se": 0.18875186397035967,
      "coverage90_ftv_raw_mean": 0.8825857519788918,
      "coverage90_ftv_raw_se": 0.011700136185838506,
      "coverage90_ftv_conformal_mean": 0.9010554089709762,
      "coverage90_ftv_conformal_se": 0.010852351158798469,
      "crps_ftv_mean": 4.1436616682812355,
      "crps_ftv_se": 0.5073240513580358,
      "pcr_prob_mc_mean": 0.05384234828496042,
      "pcr_prob_mc_se": 0.0022802737494754303,
      "swd_mm_mc_mean_mean": 1.43297067110922,
      "swd_mm_mc_mean_se": 0.0928704234056829,
      "chamfer_mm_mc_mean_mean": 3.7599399997227434,
      "chamfer_mm_mc_mean_se": 0.08065081981049431,
      "dice_mc_mean_mean": 0.05052890233923696,
      "dice_mc_mean_se": 0.0007879515063532715,
      "ftv_abs_err_ml_mc_mean_mean": 7.469936410208184,
      "ftv_abs_err_ml_mc_mean_se": 0.5171284553409728,
      "alive_count_abs_err_mc_mean_mean": 2.6799967018469655,
      "alive_count_abs_err_mc_mean_se": 0.7904837891365962
    },
    {
      "start_visit": "T1",
      "predicted_visit": "T3",
      "n_patients": 758,
      "mean_rollout_depth": 2.0,
      "ftv_mc_mean_ml_mean": 26.71600133134107,
      "ftv_mc_mean_ml_se": 1.3471030038995047,
      "ftv_mc_std_ml_mean": 9.495964626637308,
      "ftv_mc_std_ml_se": 0.12672387220807818,
      "ftv_raw_width90_ml_mean": 19.44804726639992,
      "ftv_raw_width90_ml_se": 0.22439082860609308,
      "ftv_conformal_width90_ml_mean": 21.966077207552566,
      "ftv_conformal_width90_ml_se": 0.22444319467974613,
      "coverage90_ftv_raw_mean": 0.8852242744063324,
      "coverage90_ftv_raw_se": 0.011585205479752074,
      "coverage90_ftv_conformal_mean": 0.9010554089709762,
      "coverage90_ftv_conformal_se": 0.010852351158798469,
      "crps_ftv_mean": 4.3446880552657205,
      "crps_ftv_se": 0.4581441515936531,
      "pcr_prob_mc_mean": 0.057109581134564644,
      "pcr_prob_mc_se": 0.0024686244407745683,
      "swd_mm_mc_mean_mean": 1.4664080579146554,
      "swd_mm_mc_mean_se": 0.09464331788346378,
      "chamfer_mm_mc_mean_mean": 3.7869369179317967,
      "chamfer_mm_mc_mean_se": 0.08331265866332496,
      "dice_mc_mean_mean": 0.05172585562729815,
      "dice_mc_mean_se": 0.0007597508275045433,
      "ftv_abs_err_ml_mc_mean_mean": 7.9937645060552285,
      "ftv_abs_err_ml_mc_mean_se": 0.4706263601679273,
      "alive_count_abs_err_mc_mean_mean": 2.607519788918206,