{
  "metadata": {
    "model_family": "consistent_graph_scheduled_sampling_rollout",
    "runs_dir": "runs/edge_meaning_synthetic_spatial_field/no_edges",
    "checkpoint_name": "best.pt",
    "graphs_root": "datasets/synthetic_ftv_graphs_spatial_field/graphs",
    "n_patients": 240,
    "n_rollout_records": 1440,
    "n_mc": 128,
    "metric_draws": 32,
    "start_visits": [
      "T0",
      "T1",
      "T2"
    ],
    "residual_stratify_by": "none",
    "eps_pcr": 0.1,
    "interval": 0.9,
    "seed": 20260513,
    "device": "cuda",
    "leakage_policy": "each patient scored with its held-out fold checkpoint; calibration residuals exclude target patient"
  },
  "n_rows": 1440,
  "n_patients": 240,
  "by_conditioning_visit": [
    {
      "start_visit": "T0",
      "predicted_visit": "T1",
      "n_patients": 240,
      "mean_rollout_depth": 1.0,
      "ftv_mc_mean_ml_mean": 31.053593689086604,
      "ftv_mc_mean_ml_se": 1.8360426460109893,
      "ftv_mc_std_ml_mean": 9.55867897938966,
      "ftv_mc_std_ml_se": 0.12131950494257937,
      "ftv_raw_width90_ml_mean": 30.079104054571392,
      "ftv_raw_width90_ml_se": 0.5277221462379447,
      "ftv_conformal_width90_ml_mean": 30.079104054571392,
      "ftv_conformal_width90_ml_se": 0.5277221462379447,
      "coverage90_ftv_raw_mean": 0.9083333333333333,
      "coverage90_ftv_raw_se": 0.018665060201843636,
      "coverage90_ftv_conformal_mean": 0.9083333333333333,
      "coverage90_ftv_conformal_se": 0.018665060201843636,
      "crps_ftv_mean": 4.353553188035998,
      "crps_ftv_se": 0.37113756580751756,
      "pcr_prob_mc_mean": 0.030696614583333334,
      "pcr_prob_mc_se": 0.00293830921216468,
      "swd_mm_mc_mean_mean": 0.7656904232591203,
      "swd_mm_mc_mean_se": 0.01373485881188971,
      "chamfer_mm_mc_mean_mean": 2.147975610639199,
      "chamfer_mm_mc_mean_se": 0.02195940184785213,
      "dice_mc_mean_mean": 0.16702645744041578,
      "dice_mc_mean_se": 0.0031268208374874906,
      "ftv_abs_err_ml_mc_mean_mean": 9.018232128389908,
      "ftv_abs_err_ml_mc_mean_se": 0.4159093515915258,
      "alive_count_abs_err_mc_mean_mean": 4.315364583333333,
      "alive_count_abs_err_mc_mean_se": 0.1415542711246185
    },
    {
      "start_visit": "T0",
      "predicted_visit": "T2",
      "n_patients": 240,
      "mean_rollout_depth": 2.0,
      "ftv_mc_mean_ml_mean": 33.428566892048,
      "ftv_mc_mean_ml_se": 1.9898530073484522,
      "ftv_mc_std_ml_mean": 22.680702429175888,
      "ftv_mc_std_ml_se": 0.33748344913876527,
      "ftv_raw_width90_ml_mean": 65.6844281184692,
      "ftv_raw_width90_ml_se": 1.5135529385369793,
      "ftv_conformal_width90_ml_mean": 65.6844281184692,
      "ftv_conformal_width90_ml_se": 1.5135529385369793,
      "coverage90_ftv_raw_mean": 0.9125,
      "coverage90_ftv_raw_se": 0.01827769864568367,
      "coverage90_ftv_conformal_mean": 0.9125,
      "coverage90_ftv_conformal_se": 0.01827769864568367,
      "crps_ftv_mean": 9.940235295029067,
      "crps_ftv_se": 0.9483658384508683,
      "pcr_prob_mc_mean": 0.10634765625,
      "pcr_prob_mc_se": 0.005471722512675178,
      "swd_mm_mc_mean_mean": 1.1999821676015192,
      "swd_mm_mc_mean_se": 0.02610119118873547,
      "chamfer_mm_mc_mean_mean": 2.7702240417360002,
      "chamfer_mm_mc_mean_se": 0.03447138848306312,
      "dice_mc_mean_mean": 0.10733761029797657,
      "dice_mc_mean_se": 0.0028265868697435904,
      "ftv_abs_err_ml_mc_mean_mean": 20.36519307971877,
      "ftv_abs_err_ml_mc_mean_se": 1.10553676712409,
      "alive_count_abs_err_mc_mean_mean": 9.941015625,
      "alive_count_abs_err_mc_mean_se": 0.3049470228087294
    },
    {
      "start_visit": "T0",
      "predicted_visit": "T3",
      "n_patients": 240,
      "mean_rollout_depth": 3.0,
      "ftv_mc_mean_ml_mean": 40.62013993827701,
      "ftv_mc_mean_ml_se": 2.233864323678654,
      "ftv_mc_std_ml_mean": 44.881399509364456,
      "ftv_mc_std_ml_se": 0.7294474461123212,
      "ftv_raw_width90_ml_mean": 115.54743691205795,
      "ftv_raw_width90_ml_se": 3.349412191628969,
      "ftv_conformal_width90_ml_mean": 115.54743691205795,
      "ftv_conformal_width90_ml_se": 3.349412191628969,
      "coverage90_ftv_raw_mean": 0.925,
      "coverage90_ftv_raw_se": 0.01703736970682965,
      "coverage90_ftv_conformal_mean": 0.925,
      "coverage90_ftv_conformal_se": 0.01703736970682965,
      "crps_ftv_mean": 17.806714954879613,
      "crps_ftv_se": 2.0518024824331356,
      "pcr_prob_mc_mean": 0.17887369791666666,
      "pcr_prob_mc_se": 0.006733852927361126,
      "swd_mm_mc_mean_mean": 1.711790425022841,
      "swd_mm_mc_mean_se": 0.03997815515691811,
      "chamfer_mm_mc_mean_mean": 3.289485482112573,
      "chamfer_mm_mc_mean_se": 0.04442644272121871,
      "dice_mc_mean_mean": 0.07557608331638642,
      "dice_mc_mean_se": 0.002431682759594901,
      "ftv_abs_err_ml_mc_mean_mean": 35.285599407324064,
      "ftv_abs_err_ml_mc_mean_se": 2.2935416156198967,
      "alive_count_abs_err_mc_mean_mean": 16.083723958333334,
      "alive_count_abs_err_mc_mean_se": 0.4559863408624004
    },
    {
      "start_visit": "T1",
      "predicted_visit": "T2",
      "n_patients": 240,
      "mean_rollout_depth": 1.0,
      "ftv_mc_mean_ml_mean": 30.271437667949392,
      "ftv_mc_mean_ml_se": 2.3041091020088165,
      "ftv_mc_std_ml_mean": 11.376854729907798,
      "ftv_mc_std_ml_se": 0.17294714927704063,
      "ftv_raw_width90_ml_mean": 32.84385664916508,
      "ftv_raw_width90_ml_se": 0.7723276745187727,
      "ftv_conformal_width90_ml_mean": 32.84385664916508,
      "ftv_conformal_width90_ml_se": 0.7723276745187727,
      "coverage90_ftv_raw_mean": 0.9166666666666666,
      "coverage90_ftv_raw_se": 0.017877885276561045,
      "coverage90_ftv_conformal_mean": 0.9166666666666666,
      "coverage90_ftv_conformal_se": 0.017877885276561045,
      "crps_ftv_mean": 4.5238815601236295,
      "crps_ftv_se": 0.4512339861425767,
      "pcr_prob_mc_mean": 0.0375,
      "pcr_prob_mc_se": 0.002644925970607311,
      "swd_mm_mc_mean_mean": 0.9123838549074567,
      "swd_mm_mc_mean_se": 0.013892068256143543,
      "chamfer_mm_mc_mean_mean": 2.6153969055614437,
      "chamfer_mm_mc_mean_se": 0.025224574671680267,
      "dice_mc_mean_mean": 0.11107582669422508,
      "dice_mc_mean_se": 0.0028196155825894326,
      "ftv_abs_err_ml_mc_mean_mean": 9.469642238864106,
      "ftv_abs_err_ml_mc_mean_se": 0.5032180378706165,
      "alive_count_abs_err_mc_mean_mean": 5.57890625,
      "alive_count_abs_err_mc_mean_se": 0.1747727978392251
    },
    {
      "start_visit": "T1",
      "predicted_visit": "T3",
      "n_patients": 240,
      "mean_rollout_depth": 2.0,
      "ftv_mc_mean_ml_mean": 35.36749000879254,
      "ftv_mc_mean_ml_se": 2.67526824382129,
      "ftv_mc_std_ml_mean": 31.02167578922752,
      "ftv_mc_std_ml_se": 0.4662729649344262,
      "ftv_raw_width90_ml_mean": 76.20782624963793,
      "ftv_raw_width90_ml_se": 2.2039930021254945,
      "ftv_conformal_width90_ml_mean": 76.20782624963793,
      "ftv_conformal_width90_ml_se": 2.2039930021254945,
      "coverage90_ftv_raw_mean": 0.9208333333333333,
      "coverage90_ftv_raw_se": 0.017464764953379747,
      "coverage90_ftv_conformal_mean": 0.9208333333333333,
      "coverage90_ftv_conformal_se": 0.017464764953379747,
      "crps_ftv_mean": 10.79741791439559,
      "crps_ftv_se": 1.4023313337854502,
      "pcr_prob_mc_mean": 0.09918619791666666,
      "pcr_prob_mc_se": 0.0053054380652074904,
      "swd_mm_mc_mean_mean": 1.3013265869114263,
      "swd_mm_mc_mean_se": 0.02726704868423547,
      "chamfer_mm_mc_mean_mean": 2.9716354995474292,
      "chamfer_mm_mc_mean_se": 0.03565690755060638,
      "dice_mc_mean_mean": 0.0876708618550705,
      "dice_mc_mean_se": 0.0026278249178507897,
      "ftv_abs_err_ml_mc_mean_mean": 22.50617705940384,
      "ftv_abs_err_ml_mc_mean_se": 1.5507086229200742,
      "alive_count_abs_err_mc_mean_mean": 10.847005208333334,