{
  "metadata": {
    "model_family": "consistent_graph_scheduled_sampling_rollout",
    "runs_dir": "runs/edge_meaning_breast/spatial_k16",
    "checkpoint_name": "best.pt",
    "graphs_root": "datasets/ispy2/graphs_consistent",
    "n_patients": 758,
    "n_rollout_records": 4548,
    "n_mc": 128,
    "metric_draws": 32,
    "start_visits": [
      "T0",
      "T1",
      "T2"
    ],
    "residual_stratify_by": "none",
    "eps_pcr": 0.1,
    "interval": 0.9,
    "seed": 20260513,
    "device": "cuda",
    "leakage_policy": "each patient scored with its held-out fold checkpoint; calibration residuals exclude target patient"
  },
  "n_rows": 4548,
  "n_patients": 758,
  "by_conditioning_visit": [
    {
      "start_visit": "T0",
      "predicted_visit": "T1",
      "n_patients": 758,
      "mean_rollout_depth": 1.0,
      "ftv_mc_mean_ml_mean": 25.83515501346291,
      "ftv_mc_mean_ml_se": 1.2356632746861707,
      "ftv_mc_std_ml_mean": 11.68027181395951,
      "ftv_mc_std_ml_se": 0.19643379698790964,
      "ftv_raw_width90_ml_mean": 19.141394205240577,
      "ftv_raw_width90_ml_se": 0.18019932194446225,
      "ftv_conformal_width90_ml_mean": 22.66403608648526,
      "ftv_conformal_width90_ml_se": 0.18020229088122808,
      "coverage90_ftv_raw_mean": 0.8680738786279684,
      "coverage90_ftv_raw_se": 0.012299736326488503,
      "coverage90_ftv_conformal_mean": 0.9010554089709762,
      "coverage90_ftv_conformal_se": 0.010852351158798469,
      "crps_ftv_mean": 3.944643053563549,
      "crps_ftv_se": 0.4089060245259095,
      "pcr_prob_mc_mean": 0.047988126649076514,
      "pcr_prob_mc_se": 0.0024294143485156937,
      "swd_mm_mc_mean_mean": 1.159182845026536,
      "swd_mm_mc_mean_se": 0.016612614100762074,
      "chamfer_mm_mc_mean_mean": 3.4360672127778646,
      "chamfer_mm_mc_mean_se": 0.024754011401029265,
      "dice_mc_mean_mean": 0.05133379305429916,
      "dice_mc_mean_se": 0.0007811619057514019,
      "ftv_abs_err_ml_mc_mean_mean": 7.848664810462081,
      "ftv_abs_err_ml_mc_mean_se": 0.4181814467622734,
      "alive_count_abs_err_mc_mean_mean": 0.7651715039577837,
      "alive_count_abs_err_mc_mean_se": 0.4689298269280315
    },
    {
      "start_visit": "T0",
      "predicted_visit": "T2",
      "n_patients": 758,
      "mean_rollout_depth": 2.0,
      "ftv_mc_mean_ml_mean": 27.427974677942053,
      "ftv_mc_mean_ml_se": 1.124636042957195,
      "ftv_mc_std_ml_mean": 14.633356512111797,
      "ftv_mc_std_ml_se": 0.18886270420010637,
      "ftv_raw_width90_ml_mean": 23.839533074126347,
      "ftv_raw_width90_ml_se": 0.3057823413025976,
      "ftv_conformal_width90_ml_mean": 29.5212574342946,
      "ftv_conformal_width90_ml_se": 0.30575678259906736,
      "coverage90_ftv_raw_mean": 0.8324538258575198,
      "coverage90_ftv_raw_se": 0.013573735891071111,
      "coverage90_ftv_conformal_mean": 0.9010554089709762,
      "coverage90_ftv_conformal_se": 0.010852351158798469,
      "crps_ftv_mean": 4.87933683210928,
      "crps_ftv_se": 0.4593364074362557,
      "pcr_prob_mc_mean": 0.0426595481530343,
      "pcr_prob_mc_se": 0.002168451101743278,
      "swd_mm_mc_mean_mean": 1.2090580645435032,
      "swd_mm_mc_mean_se": 0.02949348051452937,
      "chamfer_mm_mc_mean_mean": 3.5103967460230963,
      "chamfer_mm_mc_mean_se": 0.030663199630065276,
      "dice_mc_mean_mean": 0.04907484372472044,
      "dice_mc_mean_se": 0.0007752410068887998,
      "ftv_abs_err_ml_mc_mean_mean": 9.647313237295549,
      "ftv_abs_err_ml_mc_mean_se": 0.4712860280440778,
      "alive_count_abs_err_mc_mean_mean": 2.879246372031662,
      "alive_count_abs_err_mc_mean_se": 0.7896628440860387
    },
    {
      "start_visit": "T0",
      "predicted_visit": "T3",
      "n_patients": 758,
      "mean_rollout_depth": 3.0,
      "ftv_mc_mean_ml_mean": 26.726649325618002,
      "ftv_mc_mean_ml_se": 1.0461365382389707,
      "ftv_mc_std_ml_mean": 15.1920294351815,
      "ftv_mc_std_ml_se": 0.16964850969816547,
      "ftv_raw_width90_ml_mean": 25.124960826248092,
      "ftv_raw_width90_ml_se": 0.41054625039257053,
      "ftv_conformal_width90_ml_mean": 28.567279572418613,
      "ftv_conformal_width90_ml_se": 0.4105639423049751,
      "coverage90_ftv_raw_mean": 0.8799472295514512,
      "coverage90_ftv_raw_se": 0.011813170378602555,
      "coverage90_ftv_conformal_mean": 0.9010554089709762,
      "coverage90_ftv_conformal_se": 0.010852351158798469,
      "crps_ftv_mean": 5.190192100126579,
      "crps_ftv_se": 0.4888100192916972,
      "pcr_prob_mc_mean": 0.06218049142480211,
      "pcr_prob_mc_se": 0.0029885362461713424,
      "swd_mm_mc_mean_mean": 1.20224428199885,
      "swd_mm_mc_mean_se": 0.02588721866351393,
      "chamfer_mm_mc_mean_mean": 3.47771598309237,
      "chamfer_mm_mc_mean_se": 0.029479924875721524,
      "dice_mc_mean_mean": 0.05147590260311412,
      "dice_mc_mean_se": 0.0007769302478500265,
      "ftv_abs_err_ml_mc_mean_mean": 10.125691671819038,
      "ftv_abs_err_ml_mc_mean_se": 0.5052466285396775,
      "alive_count_abs_err_mc_mean_mean": 2.539660290237467,
      "alive_count_abs_err_mc_mean_se": 0.7442241193115197
    },
    {
      "start_visit": "T1",
      "predicted_visit": "T2",
      "n_patients": 758,
      "mean_rollout_depth": 1.0,
      "ftv_mc_mean_ml_mean": 27.48322172462786,
      "ftv_mc_mean_ml_se": 1.3097814334525761,
      "ftv_mc_std_ml_mean": 10.115947619987335,
      "ftv_mc_std_ml_se": 0.10274036961927767,
      "ftv_raw_width90_ml_mean": 22.351904329057525,
      "ftv_raw_width90_ml_se": 0.22512679413690698,
      "ftv_conformal_width90_ml_mean": 26.67602908122408,
      "ftv_conformal_width90_ml_se": 0.2250832810599077,
      "coverage90_ftv_raw_mean": 0.8535620052770448,
      "coverage90_ftv_raw_se": 0.012849803437449014,
      "coverage90_ftv_conformal_mean": 0.9010554089709762,
      "coverage90_ftv_conformal_se": 0.010852351158798469,
      "crps_ftv_mean": 4.382320698586803,
      "crps_ftv_se": 0.3355065157363594,
      "pcr_prob_mc_mean": 0.044885801451187333,
      "pcr_prob_mc_se": 0.0018626669647851379,
      "swd_mm_mc_mean_mean": 1.625721500876774,
      "swd_mm_mc_mean_se": 0.09475104015739814,
      "chamfer_mm_mc_mean_mean": 4.143314895326888,
      "chamfer_mm_mc_mean_se": 0.07979440468973241,
      "dice_mc_mean_mean": 0.04018134341696937,
      "dice_mc_mean_se": 0.0007155086798547553,
      "ftv_abs_err_ml_mc_mean_mean": 8.358050782555,
      "ftv_abs_err_ml_mc_mean_se": 0.34777463451473145,
      "alive_count_abs_err_mc_mean_mean": 2.673771437994723,
      "alive_count_abs_err_mc_mean_se": 0.7902234093074542
    },
    {
      "start_visit": "T1",
      "predicted_visit": "T3",
      "n_patients": 758,
      "mean_rollout_depth": 2.0,
      "ftv_mc_mean_ml_mean": 27.37727908152349,
      "ftv_mc_mean_ml_se": 1.187351917242157,
      "ftv_mc_std_ml_mean": 12.498262870595763,
      "ftv_mc_std_ml_se": 0.14031515679568315,
      "ftv_raw_width90_ml_mean": 23.986134363242954,
      "ftv_raw_width90_ml_se": 0.2950946621631484,
      "ftv_conformal_width90_ml_mean": 30.555348483668055,
      "ftv_conformal_width90_ml_se": 0.2950676852865218,
      "coverage90_ftv_raw_mean": 0.8443271767810027,
      "coverage90_ftv_raw_se": 0.013176918058653567,
      "coverage90_ftv_conformal_mean": 0.9010554089709762,
      "coverage90_ftv_conformal_se": 0.010852351158798469,
      "crps_ftv_mean": 4.978855746526115,
      "crps_ftv_se": 0.4116914240428766,
      "pcr_prob_mc_mean": 0.05393510883905013,
      "pcr_prob_mc_se": 0.0025608312788250654,
      "swd_mm_mc_mean_mean": 1.7075924264690936,
      "swd_mm_mc_mean_se": 0.09565792240445951,
      "chamfer_mm_mc_mean_mean": 4.251247863107288,
      "chamfer_mm_mc_mean_se": 0.07993561954402505,
      "dice_mc_mean_mean": 0.03767451150661619,
      "dice_mc_mean_se": 0.0006461734637964235,
      "ftv_abs_err_ml_mc_mean_mean": 9.37579624250791,
      "ftv_abs_err_ml_mc_mean_se": 0.42857720683257194,
      "alive_count_abs_err_mc_mean_mean": 2.5473284960422165,