{
  "metadata": {
    "model_family": "consistent_graph_scheduled_sampling_rollout",
    "runs_dir": "runs/edge_meaning_breast/no_edges",
    "checkpoint_name": "best.pt",
    "graphs_root": "datasets/ispy2/graphs_consistent",
    "n_patients": 758,
    "n_rollout_records": 4548,
    "n_mc": 128,
    "metric_draws": 32,
    "start_visits": [
      "T0",
      "T1",
      "T2"
    ],
    "residual_stratify_by": "none",
    "eps_pcr": 0.1,
    "interval": 0.9,
    "seed": 20260513,
    "device": "cuda",
    "leakage_policy": "each patient scored with its held-out fold checkpoint; calibration residuals exclude target patient"
  },
  "n_rows": 4548,
  "n_patients": 758,
  "by_conditioning_visit": [
    {
      "start_visit": "T0",
      "predicted_visit": "T1",
      "n_patients": 758,
      "mean_rollout_depth": 1.0,
      "ftv_mc_mean_ml_mean": 25.021914709455427,
      "ftv_mc_mean_ml_se": 1.2498442106291325,
      "ftv_mc_std_ml_mean": 10.745029784784165,
      "ftv_mc_std_ml_se": 0.1951200537384883,
      "ftv_raw_width90_ml_mean": 16.679568040650178,
      "ftv_raw_width90_ml_se": 0.1531405127406951,
      "ftv_conformal_width90_ml_mean": 18.219789700611923,
      "ftv_conformal_width90_ml_se": 0.15309049254505452,
      "coverage90_ftv_raw_mean": 0.8839050131926122,
      "coverage90_ftv_raw_se": 0.011642911385438272,
      "coverage90_ftv_conformal_mean": 0.9010554089709762,
      "coverage90_ftv_conformal_se": 0.010852351158798469,
      "crps_ftv_mean": 3.744803255284836,
      "crps_ftv_se": 0.3962465756628715,
      "pcr_prob_mc_mean": 0.06159300791556728,
      "pcr_prob_mc_se": 0.002921876739857557,
      "swd_mm_mc_mean_mean": 1.1800054435853973,
      "swd_mm_mc_mean_se": 0.01681711410237379,
      "chamfer_mm_mc_mean_mean": 3.4598034761846552,
      "chamfer_mm_mc_mean_se": 0.02479812512846878,
      "dice_mc_mean_mean": 0.05060816318473688,
      "dice_mc_mean_se": 0.0007759708117696667,
      "ftv_abs_err_ml_mc_mean_mean": 7.239102599603467,
      "ftv_abs_err_ml_mc_mean_se": 0.40543811342387176,
      "alive_count_abs_err_mc_mean_mean": 0.7454238126649076,
      "alive_count_abs_err_mc_mean_se": 0.46881428987035556
    },
    {
      "start_visit": "T0",
      "predicted_visit": "T2",
      "n_patients": 758,
      "mean_rollout_depth": 2.0,
      "ftv_mc_mean_ml_mean": 26.533243839839123,
      "ftv_mc_mean_ml_se": 1.1558177851971267,
      "ftv_mc_std_ml_mean": 12.78358005531411,
      "ftv_mc_std_ml_se": 0.17300211819012004,
      "ftv_raw_width90_ml_mean": 21.119436887392677,
      "ftv_raw_width90_ml_se": 0.23548942110986357,
      "ftv_conformal_width90_ml_mean": 23.513015545811797,
      "ftv_conformal_width90_ml_se": 0.23548297574099447,
      "coverage90_ftv_raw_mean": 0.8812664907651715,
      "coverage90_ftv_raw_se": 0.01175688690606811,
      "coverage90_ftv_conformal_mean": 0.9010554089709762,
      "coverage90_ftv_conformal_se": 0.010852351158798469,
      "crps_ftv_mean": 4.4155521458429545,
      "crps_ftv_se": 0.4289585957561469,
      "pcr_prob_mc_mean": 0.052564313984168866,
      "pcr_prob_mc_se": 0.002470086255184231,
      "swd_mm_mc_mean_mean": 1.2233488951691043,
      "swd_mm_mc_mean_se": 0.02947561562285417,
      "chamfer_mm_mc_mean_mean": 3.529736492614515,
      "chamfer_mm_mc_mean_se": 0.03065534761763742,
      "dice_mc_mean_mean": 0.048519853429981316,
      "dice_mc_mean_se": 0.000773557527975232,
      "ftv_abs_err_ml_mc_mean_mean": 8.568164091052392,
      "ftv_abs_err_ml_mc_mean_se": 0.446828318469841,
      "alive_count_abs_err_mc_mean_mean": 2.7329320580474934,
      "alive_count_abs_err_mc_mean_se": 0.7885778625621119
    },
    {
      "start_visit": "T0",
      "predicted_visit": "T3",
      "n_patients": 758,
      "mean_rollout_depth": 3.0,
      "ftv_mc_mean_ml_mean": 26.561165052237286,
      "ftv_mc_mean_ml_se": 1.0893013151842108,
      "ftv_mc_std_ml_mean": 13.193595825096333,
      "ftv_mc_std_ml_se": 0.16696436671435178,
      "ftv_raw_width90_ml_mean": 22.871642544320427,
      "ftv_raw_width90_ml_se": 0.3442653709827817,
      "ftv_conformal_width90_ml_mean": 26.497081845610953,
      "ftv_conformal_width90_ml_se": 0.34445052575275925,
      "coverage90_ftv_raw_mean": 0.8707124010554089,
      "coverage90_ftv_raw_se": 0.01219460844677096,
      "coverage90_ftv_conformal_mean": 0.9010554089709762,
      "coverage90_ftv_conformal_se": 0.010852351158798469,
      "crps_ftv_mean": 4.562527789733808,
      "crps_ftv_se": 0.4322691862876935,
      "pcr_prob_mc_mean": 0.053409465699208444,
      "pcr_prob_mc_se": 0.0025940067593441247,
      "swd_mm_mc_mean_mean": 1.2093851979998402,
      "swd_mm_mc_mean_se": 0.026214533176542192,
      "chamfer_mm_mc_mean_mean": 3.4913500545833305,
      "chamfer_mm_mc_mean_se": 0.029764838313964915,
      "dice_mc_mean_mean": 0.0514596203168209,
      "dice_mc_mean_se": 0.0007838975629203284,
      "ftv_abs_err_ml_mc_mean_mean": 8.835067889412644,
      "ftv_abs_err_ml_mc_mean_se": 0.4420375362317709,
      "alive_count_abs_err_mc_mean_mean": 2.6939313984168867,
      "alive_count_abs_err_mc_mean_se": 0.7453419065552779
    },
    {
      "start_visit": "T1",
      "predicted_visit": "T2",
      "n_patients": 758,
      "mean_rollout_depth": 1.0,
      "ftv_mc_mean_ml_mean": 27.22876011300906,
      "ftv_mc_mean_ml_se": 1.310223670251505,
      "ftv_mc_std_ml_mean": 9.959971445716196,
      "ftv_mc_std_ml_se": 0.11424350081487057,
      "ftv_raw_width90_ml_mean": 21.07259880684701,
      "ftv_raw_width90_ml_se": 0.19260670176654635,
      "ftv_conformal_width90_ml_mean": 25.36317166069605,
      "ftv_conformal_width90_ml_se": 0.1926031541778351,
      "coverage90_ftv_raw_mean": 0.8693931398416886,
      "coverage90_ftv_raw_se": 0.012247379049296419,
      "coverage90_ftv_conformal_mean": 0.9010554089709762,
      "coverage90_ftv_conformal_se": 0.010852351158798469,
      "crps_ftv_mean": 4.0994066883773375,
      "crps_ftv_se": 0.3174244238295789,
      "pcr_prob_mc_mean": 0.04287598944591029,
      "pcr_prob_mc_se": 0.0018202552101259939,
      "swd_mm_mc_mean_mean": 1.6425672881791584,
      "swd_mm_mc_mean_se": 0.09557285811689273,
      "chamfer_mm_mc_mean_mean": 4.172307585767761,
      "chamfer_mm_mc_mean_se": 0.08031159227788456,
      "dice_mc_mean_mean": 0.03977527958119152,
      "dice_mc_mean_se": 0.000720540646862933,
      "ftv_abs_err_ml_mc_mean_mean": 7.83447496499726,
      "ftv_abs_err_ml_mc_mean_se": 0.3302481697122771,
      "alive_count_abs_err_mc_mean_mean": 2.720811345646438,
      "alive_count_abs_err_mc_mean_se": 0.7880737663032159
    },
    {
      "start_visit": "T1",
      "predicted_visit": "T3",
      "n_patients": 758,
      "mean_rollout_depth": 2.0,
      "ftv_mc_mean_ml_mean": 27.056427351101824,
      "ftv_mc_mean_ml_se": 1.183920165434463,
      "ftv_mc_std_ml_mean": 11.781557929086485,
      "ftv_mc_std_ml_se": 0.15005017527626055,
      "ftv_raw_width90_ml_mean": 22.302507684936234,
      "ftv_raw_width90_ml_se": 0.2530775419081775,
      "ftv_conformal_width90_ml_mean": 27.293589089332112,
      "ftv_conformal_width90_ml_se": 0.2530562676904884,
      "coverage90_ftv_raw_mean": 0.8588390501319261,
      "coverage90_ftv_raw_se": 0.012655089989508523,
      "coverage90_ftv_conformal_mean": 0.9010554089709762,
      "coverage90_ftv_conformal_se": 0.010852351158798469,
      "crps_ftv_mean": 4.4157204739102776,
      "crps_ftv_se": 0.3655502462659951,
      "pcr_prob_mc_mean": 0.04891573218997362,
      "pcr_prob_mc_se": 0.0023668667481738094,
      "swd_mm_mc_mean_mean": 1.7265040676252688,
      "swd_mm_mc_mean_se": 0.09656374972398109,
      "chamfer_mm_mc_mean_mean": 4.282968916113934,
      "chamfer_mm_mc_mean_se": 0.08202432646240876,
      "dice_mc_mean_mean": 0.03709174616387738,
      "dice_mc_mean_se": 0.0006497623555767991,
      "ftv_abs_err_ml_mc_mean_mean": 8.591726741765548,
      "ftv_abs_err_ml_mc_mean_se": 0.38476098820431753,
      "alive_count_abs_err_mc_mean_mean": 2.6662269129287597,