{
  "metadata": {
    "model_family": "consistent_graph_scheduled_sampling_rollout",
    "runs_dir": "runs/edge_meaning_breast/radial_k8",
    "checkpoint_name": "best.pt",
    "graphs_root": "datasets/ispy2/graphs_consistent",
    "n_patients": 758,
    "n_rollout_records": 4548,
    "n_mc": 128,
    "metric_draws": 32,
    "start_visits": [
      "T0",
      "T1",
      "T2"
    ],
    "residual_stratify_by": "none",
    "eps_pcr": 0.1,
    "interval": 0.9,
    "seed": 20260513,
    "device": "cuda",
    "leakage_policy": "each patient scored with its held-out fold checkpoint; calibration residuals exclude target patient"
  },
  "n_rows": 4548,
  "n_patients": 758,
  "by_conditioning_visit": [
    {
      "start_visit": "T0",
      "predicted_visit": "T1",
      "n_patients": 758,
      "mean_rollout_depth": 1.0,
      "ftv_mc_mean_ml_mean": 25.246389445061425,
      "ftv_mc_mean_ml_se": 1.254071898608603,
      "ftv_mc_std_ml_mean": 10.755114774446783,
      "ftv_mc_std_ml_se": 0.19070459159424225,
      "ftv_raw_width90_ml_mean": 16.484616073279323,
      "ftv_raw_width90_ml_se": 0.1552787708172234,
      "ftv_conformal_width90_ml_mean": 18.345405149246044,
      "ftv_conformal_width90_ml_se": 0.1552585260314566,
      "coverage90_ftv_raw_mean": 0.8878627968337731,
      "coverage90_ftv_raw_se": 0.011468321242301445,
      "coverage90_ftv_conformal_mean": 0.9010554089709762,
      "coverage90_ftv_conformal_se": 0.010852351158798469,
      "crps_ftv_mean": 3.75020653350058,
      "crps_ftv_se": 0.4012747129720105,
      "pcr_prob_mc_mean": 0.05860405672823219,
      "pcr_prob_mc_se": 0.002816132940180873,
      "swd_mm_mc_mean_mean": 1.129762419055882,
      "swd_mm_mc_mean_se": 0.0164349368128342,
      "chamfer_mm_mc_mean_mean": 3.4066957911276985,
      "chamfer_mm_mc_mean_se": 0.024778479081081984,
      "dice_mc_mean_mean": 0.05283288270201956,
      "dice_mc_mean_se": 0.0008060686597817419,
      "ftv_abs_err_ml_mc_mean_mean": 7.11613128654759,
      "ftv_abs_err_ml_mc_mean_se": 0.41576141284210816,
      "alive_count_abs_err_mc_mean_mean": 0.8196322559366754,
      "alive_count_abs_err_mc_mean_se": 0.4693349727718888
    },
    {
      "start_visit": "T0",
      "predicted_visit": "T2",
      "n_patients": 758,
      "mean_rollout_depth": 2.0,
      "ftv_mc_mean_ml_mean": 26.221020341803744,
      "ftv_mc_mean_ml_se": 1.1961844702945486,
      "ftv_mc_std_ml_mean": 12.04915164600292,
      "ftv_mc_std_ml_se": 0.15851673109193876,
      "ftv_raw_width90_ml_mean": 20.439462704155133,
      "ftv_raw_width90_ml_se": 0.2259703636033334,
      "ftv_conformal_width90_ml_mean": 22.989890255779574,
      "ftv_conformal_width90_ml_se": 0.22595783814608902,
      "coverage90_ftv_raw_mean": 0.8812664907651715,
      "coverage90_ftv_raw_se": 0.01175688690606811,
      "coverage90_ftv_conformal_mean": 0.9010554089709762,
      "coverage90_ftv_conformal_se": 0.010852351158798469,
      "crps_ftv_mean": 4.328996375883048,
      "crps_ftv_se": 0.40074082307858333,
      "pcr_prob_mc_mean": 0.05870712401055409,
      "pcr_prob_mc_se": 0.002702880648197604,
      "swd_mm_mc_mean_mean": 1.2103507784030276,
      "swd_mm_mc_mean_se": 0.02937173578694464,
      "chamfer_mm_mc_mean_mean": 3.516819074422847,
      "chamfer_mm_mc_mean_se": 0.030270426239176956,
      "dice_mc_mean_mean": 0.04893725386862794,
      "dice_mc_mean_se": 0.0007676168536642218,
      "ftv_abs_err_ml_mc_mean_mean": 8.355742435067127,
      "ftv_abs_err_ml_mc_mean_se": 0.41798319297142084,
      "alive_count_abs_err_mc_mean_mean": 2.8528199208443272,
      "alive_count_abs_err_mc_mean_se": 0.7889165897858552
    },
    {
      "start_visit": "T0",
      "predicted_visit": "T3",
      "n_patients": 758,
      "mean_rollout_depth": 3.0,
      "ftv_mc_mean_ml_mean": 26.43951064856284,
      "ftv_mc_mean_ml_se": 1.1265604634173396,
      "ftv_mc_std_ml_mean": 12.630568410601356,
      "ftv_mc_std_ml_se": 0.18759794805450017,
      "ftv_raw_width90_ml_mean": 21.062715534110406,
      "ftv_raw_width90_ml_se": 0.2843627419568693,
      "ftv_conformal_width90_ml_mean": 26.01427251189501,
      "ftv_conformal_width90_ml_se": 0.2844167644387922,
      "coverage90_ftv_raw_mean": 0.8641160949868074,
      "coverage90_ftv_raw_se": 0.012454380128074684,
      "coverage90_ftv_conformal_mean": 0.9010554089709762,
      "coverage90_ftv_conformal_se": 0.010852351158798469,
      "crps_ftv_mean": 4.383026791012229,
      "crps_ftv_se": 0.4301703862384825,
      "pcr_prob_mc_mean": 0.05368774736147757,
      "pcr_prob_mc_se": 0.00262180059673068,
      "swd_mm_mc_mean_mean": 1.171084181626271,
      "swd_mm_mc_mean_se": 0.025643990693767733,
      "chamfer_mm_mc_mean_mean": 3.450284547268825,
      "chamfer_mm_mc_mean_se": 0.02917145110815185,
      "dice_mc_mean_mean": 0.0523479042189251,
      "dice_mc_mean_se": 0.000777303543407762,
      "ftv_abs_err_ml_mc_mean_mean": 8.507812903493397,
      "ftv_abs_err_ml_mc_mean_se": 0.44184961093101766,
      "alive_count_abs_err_mc_mean_mean": 2.6209597625329817,
      "alive_count_abs_err_mc_mean_se": 0.7434139788367378
    },
    {
      "start_visit": "T1",
      "predicted_visit": "T2",
      "n_patients": 758,
      "mean_rollout_depth": 1.0,
      "ftv_mc_mean_ml_mean": 26.80869263827021,
      "ftv_mc_mean_ml_se": 1.362350354648361,
      "ftv_mc_std_ml_mean": 9.244572033347659,
      "ftv_mc_std_ml_se": 0.10852384249457248,
      "ftv_raw_width90_ml_mean": 20.229492642443407,
      "ftv_raw_width90_ml_se": 0.2118870379417805,
      "ftv_conformal_width90_ml_mean": 23.65572000857536,
      "ftv_conformal_width90_ml_se": 0.21268064715347396,
      "coverage90_ftv_raw_mean": 0.8773087071240105,
      "coverage90_ftv_raw_se": 0.011924361990825888,
      "coverage90_ftv_conformal_mean": 0.9010554089709762,
      "coverage90_ftv_conformal_se": 0.010852351158798469,
      "crps_ftv_mean": 3.9967050354294766,
      "crps_ftv_se": 0.3156779438362628,
      "pcr_prob_mc_mean": 0.04730788258575198,
      "pcr_prob_mc_se": 0.0019343216573895062,
      "swd_mm_mc_mean_mean": 1.542231970116166,
      "swd_mm_mc_mean_se": 0.09416306632631882,
      "chamfer_mm_mc_mean_mean": 3.981298023681471,
      "chamfer_mm_mc_mean_se": 0.07892080170493426,
      "dice_mc_mean_mean": 0.04415541656703379,
      "dice_mc_mean_se": 0.0007379501400440124,
      "ftv_abs_err_ml_mc_mean_mean": 7.472372635272508,
      "ftv_abs_err_ml_mc_mean_se": 0.32302038481856776,
      "alive_count_abs_err_mc_mean_mean": 2.8843585092348283,
      "alive_count_abs_err_mc_mean_se": 0.7889650651805032
    },
    {
      "start_visit": "T1",
      "predicted_visit": "T3",
      "n_patients": 758,
      "mean_rollout_depth": 2.0,
      "ftv_mc_mean_ml_mean": 27.00586820184886,
      "ftv_mc_mean_ml_se": 1.2309460393921319,
      "ftv_mc_std_ml_mean": 11.251366281021346,
      "ftv_mc_std_ml_se": 0.15641277355435537,
      "ftv_raw_width90_ml_mean": 21.098340204619987,
      "ftv_raw_width90_ml_se": 0.24849957686500768,
      "ftv_conformal_width90_ml_mean": 26.000810574377752,
      "ftv_conformal_width90_ml_se": 0.24839975286290172,
      "coverage90_ftv_raw_mean": 0.8548812664907651,
      "coverage90_ftv_raw_se": 0.012801672131838242,
      "coverage90_ftv_conformal_mean": 0.9010554089709762,
      "coverage90_ftv_conformal_se": 0.010852351158798469,
      "crps_ftv_mean": 4.340699532541443,
      "crps_ftv_se": 0.3718886035878657,
      "pcr_prob_mc_mean": 0.04631843667546174,
      "pcr_prob_mc_se": 0.002152099951511995,
      "swd_mm_mc_mean_mean": 1.5825458220551811,
      "swd_mm_mc_mean_se": 0.09437683043121659,
      "chamfer_mm_mc_mean_mean": 4.03960772457086,
      "chamfer_mm_mc_mean_se": 0.07957951505478056,
      "dice_mc_mean_mean": 0.04246814852606057,
      "dice_mc_mean_se": 0.0006999763279220842,
      "ftv_abs_err_ml_mc_mean_mean": 8.257960868163599,
      "ftv_abs_err_ml_mc_mean_se": 0.390214368300883,
      "alive_count_abs_err_mc_mean_mean": 2.576022427440633,