{
  "metadata": {
    "model_family": "consistent_graph_scheduled_sampling_rollout",
    "runs_dir": "runs/edge_meaning_breast/endpoint_full_k8",
    "checkpoint_name": "best.pt",
    "graphs_root": "datasets/ispy2/graphs_consistent",
    "n_patients": 758,
    "n_rollout_records": 4548,
    "n_mc": 128,
    "metric_draws": 32,
    "start_visits": [
      "T0",
      "T1",
      "T2"
    ],
    "residual_stratify_by": "none",
    "eps_pcr": 0.1,
    "interval": 0.9,
    "seed": 20260513,
    "device": "cuda",
    "leakage_policy": "each patient scored with its held-out fold checkpoint; calibration residuals exclude target patient"
  },
  "n_rows": 4548,
  "n_patients": 758,
  "by_conditioning_visit": [
    {
      "start_visit": "T0",
      "predicted_visit": "T1",
      "n_patients": 758,
      "mean_rollout_depth": 1.0,
      "ftv_mc_mean_ml_mean": 25.87713921661733,
      "ftv_mc_mean_ml_se": 1.2132661032887415,
      "ftv_mc_std_ml_mean": 12.16193015745369,
      "ftv_mc_std_ml_se": 0.20972432525011633,
      "ftv_raw_width90_ml_mean": 18.8447545786881,
      "ftv_raw_width90_ml_se": 0.1861457299383393,
      "ftv_conformal_width90_ml_mean": 22.36536245589689,
      "ftv_conformal_width90_ml_se": 0.18616306553018047,
      "coverage90_ftv_raw_mean": 0.8720316622691293,
      "coverage90_ftv_raw_se": 0.012141419129569623,
      "coverage90_ftv_conformal_mean": 0.9010554089709762,
      "coverage90_ftv_conformal_se": 0.010852351158798469,
      "crps_ftv_mean": 3.978058301092571,
      "crps_ftv_se": 0.4285752431599679,
      "pcr_prob_mc_mean": 0.04846223614775726,
      "pcr_prob_mc_se": 0.0024581872441098765,
      "swd_mm_mc_mean_mean": 1.1691346650034127,
      "swd_mm_mc_mean_se": 0.01667818508705277,
      "chamfer_mm_mc_mean_mean": 3.445550313108747,
      "chamfer_mm_mc_mean_se": 0.024790551515656952,
      "dice_mc_mean_mean": 0.051230153286119545,
      "dice_mc_mean_se": 0.0007895086956225246,
      "ftv_abs_err_ml_mc_mean_mean": 7.764479859192263,
      "ftv_abs_err_ml_mc_mean_se": 0.43923483389103696,
      "alive_count_abs_err_mc_mean_mean": 0.8211576517150396,
      "alive_count_abs_err_mc_mean_se": 0.4690404187538152
    },
    {
      "start_visit": "T0",
      "predicted_visit": "T2",
      "n_patients": 758,
      "mean_rollout_depth": 2.0,
      "ftv_mc_mean_ml_mean": 27.05765225843368,
      "ftv_mc_mean_ml_se": 1.0948002038220603,
      "ftv_mc_std_ml_mean": 14.552182306720674,
      "ftv_mc_std_ml_se": 0.20894960470075583,
      "ftv_raw_width90_ml_mean": 23.328578085552184,
      "ftv_raw_width90_ml_se": 0.295435577151197,
      "ftv_conformal_width90_ml_mean": 29.811784550641082,
      "ftv_conformal_width90_ml_se": 0.2954595221203059,
      "coverage90_ftv_raw_mean": 0.8548812664907651,
      "coverage90_ftv_raw_se": 0.012801672131838242,
      "coverage90_ftv_conformal_mean": 0.9010554089709762,
      "coverage90_ftv_conformal_se": 0.010852351158798469,
      "crps_ftv_mean": 4.8996163032861695,
      "crps_ftv_se": 0.4918936257938427,
      "pcr_prob_mc_mean": 0.0494413753298153,
      "pcr_prob_mc_se": 0.0023994697909798073,
      "swd_mm_mc_mean_mean": 1.2118280358022948,
      "swd_mm_mc_mean_se": 0.02932303624981715,
      "chamfer_mm_mc_mean_mean": 3.5161014827436845,
      "chamfer_mm_mc_mean_se": 0.030574524735314655,
      "dice_mc_mean_mean": 0.04893330599579715,
      "dice_mc_mean_se": 0.0007641541309804831,
      "ftv_abs_err_ml_mc_mean_mean": 9.465255652938513,
      "ftv_abs_err_ml_mc_mean_se": 0.5072196973369865,
      "alive_count_abs_err_mc_mean_mean": 2.971677110817942,
      "alive_count_abs_err_mc_mean_se": 0.788419358038172
    },
    {
      "start_visit": "T0",
      "predicted_visit": "T3",
      "n_patients": 758,
      "mean_rollout_depth": 3.0,
      "ftv_mc_mean_ml_mean": 26.893080347194502,
      "ftv_mc_mean_ml_se": 1.0299984473836488,
      "ftv_mc_std_ml_mean": 15.591313077054046,
      "ftv_mc_std_ml_se": 0.1938164316596486,
      "ftv_raw_width90_ml_mean": 24.663034529016656,
      "ftv_raw_width90_ml_se": 0.40881108929848553,
      "ftv_conformal_width90_ml_mean": 29.20230187695242,
      "ftv_conformal_width90_ml_se": 0.40885095316602493,
      "coverage90_ftv_raw_mean": 0.8720316622691293,
      "coverage90_ftv_raw_se": 0.012141419129569623,
      "coverage90_ftv_conformal_mean": 0.9010554089709762,
      "coverage90_ftv_conformal_se": 0.010852351158798469,
      "crps_ftv_mean": 5.172210584605435,
      "crps_ftv_se": 0.5110042355430608,
      "pcr_prob_mc_mean": 0.0569446734828496,
      "pcr_prob_mc_se": 0.0027843050499122466,
      "swd_mm_mc_mean_mean": 1.2038049112322864,
      "swd_mm_mc_mean_se": 0.02592370599241644,
      "chamfer_mm_mc_mean_mean": 3.484090588283696,
      "chamfer_mm_mc_mean_se": 0.029590383580913187,
      "dice_mc_mean_mean": 0.05133572086007341,
      "dice_mc_mean_se": 0.0007741993301167579,
      "ftv_abs_err_ml_mc_mean_mean": 9.922642668020965,
      "ftv_abs_err_ml_mc_mean_se": 0.5280859204039624,
      "alive_count_abs_err_mc_mean_mean": 2.56748845646438,
      "alive_count_abs_err_mc_mean_se": 0.7398602560462733
    },
    {
      "start_visit": "T1",
      "predicted_visit": "T2",
      "n_patients": 758,
      "mean_rollout_depth": 1.0,
      "ftv_mc_mean_ml_mean": 27.40799170645944,
      "ftv_mc_mean_ml_se": 1.2709589279713127,
      "ftv_mc_std_ml_mean": 10.724943150770857,
      "ftv_mc_std_ml_se": 0.10729915772660353,
      "ftv_raw_width90_ml_mean": 22.705172831856228,
      "ftv_raw_width90_ml_se": 0.23340114655110758,
      "ftv_conformal_width90_ml_mean": 27.055664145966116,
      "ftv_conformal_width90_ml_se": 0.23338406407078904,
      "coverage90_ftv_raw_mean": 0.8496042216358839,
      "coverage90_ftv_raw_se": 0.012992065875468263,
      "coverage90_ftv_conformal_mean": 0.9010554089709762,
      "coverage90_ftv_conformal_se": 0.010852351158798469,
      "crps_ftv_mean": 4.392181763075041,
      "crps_ftv_se": 0.3328696179049494,
      "pcr_prob_mc_mean": 0.04350469986807388,
      "pcr_prob_mc_se": 0.0018142421049621117,
      "swd_mm_mc_mean_mean": 1.651791423243835,
      "swd_mm_mc_mean_se": 0.0962769554197084,
      "chamfer_mm_mc_mean_mean": 4.178220259866128,
      "chamfer_mm_mc_mean_se": 0.08138178982452146,
      "dice_mc_mean_mean": 0.040084864106850415,
      "dice_mc_mean_se": 0.0007172333523892855,
      "ftv_abs_err_ml_mc_mean_mean": 8.393718452623265,
      "ftv_abs_err_ml_mc_mean_se": 0.3462670388196669,
      "alive_count_abs_err_mc_mean_mean": 2.7396108179419527,
      "alive_count_abs_err_mc_mean_se": 0.7847896332373906
    },
    {
      "start_visit": "T1",
      "predicted_visit": "T3",
      "n_patients": 758,
      "mean_rollout_depth": 2.0,
      "ftv_mc_mean_ml_mean": 27.346975402462718,
      "ftv_mc_mean_ml_se": 1.1279326828595009,
      "ftv_mc_std_ml_mean": 13.149419466389212,
      "ftv_mc_std_ml_se": 0.15225576397646182,
      "ftv_raw_width90_ml_mean": 24.167203262151283,
      "ftv_raw_width90_ml_se": 0.29429721391332936,
      "ftv_conformal_width90_ml_mean": 30.797327753586174,
      "ftv_conformal_width90_ml_se": 0.2942441468692185,
      "coverage90_ftv_raw_mean": 0.8403693931398417,
      "coverage90_ftv_raw_se": 0.013312059679515612,
      "coverage90_ftv_conformal_mean": 0.9010554089709762,
      "coverage90_ftv_conformal_se": 0.010852351158798469,
      "crps_ftv_mean": 4.913225264285959,
      "crps_ftv_se": 0.4183737622544911,
      "pcr_prob_mc_mean": 0.04857561015831135,
      "pcr_prob_mc_se": 0.002321280255217057,
      "swd_mm_mc_mean_mean": 1.7172989761138575,
      "swd_mm_mc_mean_se": 0.09644447750016483,
      "chamfer_mm_mc_mean_mean": 4.262998326334702,
      "chamfer_mm_mc_mean_se": 0.08142220261254796,
      "dice_mc_mean_mean": 0.03722111833879976,
      "dice_mc_mean_se": 0.0006388543808440194,
      "ftv_abs_err_ml_mc_mean_mean": 9.39093607618818,
      "ftv_abs_err_ml_mc_mean_se": 0.42932986137529894,
      "alive_count_abs_err_mc_mean_mean": 2.710174802110818,